source,target,ligand_complex,receptor_complex,magnitude_rank_ctrl,magnitude_rank_neph,delta_rank_ctrl_minus_neph
PEC,END,Edn3,Ednrb,0.93101309175227,0.003254947403917589,0.9277581443483524
PEC,SMC,Tgm2,Sdc4,0.9995407951291444,0.08623374013702466,0.9133070549921197
PEC,END,Spp1,S1pr1,0.8675447407917853,0.0008805759622886331,0.8666641648294967
PEC,PEC,Tgm2,Sdc4,0.9089143204762363,0.0764321815794792,0.8324821388967572
IMM,PEC,Tgm2,Sdc4,0.9496564008125337,0.17965509944665903,0.7700013013658746
PEC,MES,Thbs1,Sdc4,0.9930627576839404,0.2345731817410795,0.7584895759428609
SMC,PEC,Ntrk3,Ptprf,0.9818874329472791,0.22975847981097766,0.7521289531363015
PEC,MES,Dll4,Notch2,0.9160900769786005,0.18328102957420775,0.7328090474043927
PEC,TEC,Spp1,Ptger4,1.0,0.28173283406516625,0.7182671659348338
PEC,POD,Cxcl1,Dpp4,0.779342301715894,0.07716671636833253,0.7021755853475615
PEC,PEC,Spp1,Ptger4,0.7414799853974817,0.04087576440323323,0.7006042209942485
PEC,END,Bst1,Cav1,0.6826566616333489,0.0003922359715081519,0.6822644256618408
PEC,MES,Spp1,S1pr1,0.8012261007615389,0.11930387715202337,0.6819222236095155
PEC,PEC,Cdh1,Ptprf,0.6946854005498709,0.01705488229247504,0.6776305182573958
PEC,TEC,Spp1,S1pr1,0.8078114818372043,0.13454285846220826,0.673268623374996
PEC,SMC,Thbs1,Sdc4,0.7030422435761855,0.03307111174723017,0.6699711318289553
IMM,PEC,Apoe,Sorl1,0.7420520983858413,0.07679903662188493,0.6652530617639564
PEC,IMM,Adm,Ramp1,1.0,0.3394168572008062,0.6605831427991937
PEC,MES,Thbs1,Sdc1,0.8410497513395914,0.1818164009135193,0.6592333504260721
MES,PEC,Angptl4,Sdc2,0.7559722178750921,0.09780488571787577,0.6581673321572163
PEC,END,Adm,Ramp3,1.0,0.3528984511628042,0.6471015488371958
PEC,MES,Cxcl12,Avpr1a,0.9919493857739963,0.34790723153239833,0.6440421542415979
PEC,SMC,Plau,Itgb5,0.8617984808506645,0.23095818074153568,0.6308403001091287
PEC,POD,Spp1,Ptger4,0.6594688299136354,0.03331856951765325,0.6261502603959822
MES,PEC,Plau,St14,0.7282102908176717,0.10320762247907436,0.6250026683385974
PEC,PEC,Plau,Plaur,0.8942564902307306,0.27137049111737843,0.6228859991133522
PEC,PEC,Thbs1,Sdc4,0.633642043336524,0.030407303780366834,0.6032347395561571
PEC,SMC,Bst1,Cav1,0.6182990158123505,0.01652009594608982,0.6017789198662606
PEC,IMM,Sema3g,Fcgr3,0.8219222570969625,0.2258861354116869,0.5960361216852756
TEC,PEC,Plau,St14,0.6759037613161039,0.08354122364806602,0.5923625376680378
MES,PEC,Tnc,Sdc4,0.8219222570969625,0.2303580174232407,0.5915642396737218
SMC,PEC,Adm,Calcrl,1.0,0.41119558979294696,0.5888044102070531
IMM,PEC,Apoe,Sdc2,0.7397396497612833,0.15612578159665302,0.5836138681646302
PEC,END,Rarres2,Ccrl2,1.0,0.4220309792901075,0.5779690207098924
PEC,PEC,Bst1,Cav1,0.6347888492029184,0.058487428231698356,0.5763014209712201
POD,PEC,Adm,Ackr3,0.7645839355102949,0.19501962299652048,0.5695643125137744
PEC,POD,Gas6,Axl,0.9919493857739963,0.4225886899624355,0.5693606958115608
PEC,IMM,Cd14,Itgb2,0.5998373886194286,0.03558523382553794,0.5642521547938907
PEC,IMM,Thbs1,Itga4,0.9325971327868885,0.3709532283439563,0.5616439044429322
TEC,PEC,Spp1,Ptger4,0.6162287962075301,0.056561489402340834,0.5596673068051893
PEC,TEC,Tgm2,Sdc4,0.7213192442701111,0.16277378537860004,0.5585454588915111
SMC,PEC,Cxcl12,Sdc4,0.6291823126113959,0.07716671636833253,0.5520155962430634
PEC,MES,Jag1,Notch3,0.8266927056301814,0.28500396911184206,0.5416887365183394
PEC,SMC,Col4a5,Cd93,1.0,0.45931810993338706,0.5406818900666129
PEC,IMM,Ptn,Sdc4,1.0,0.4617568877616863,0.5382431122383138
MES,PEC,Thbs1,Sdc4,1.0,0.46635980003758504,0.533640199962415
MES,PEC,Cxcl1,Dpp4,1.0,0.46727593986465765,0.5327240601353423
PEC,IMM,Thbs1,Cd36,0.7773859954075142,0.24556037946502185,0.5318256159424923
PEC,MES,Kitl,Epor,0.9894274841540742,0.4611464245081459,0.5282810596459283
PEC,IMM,Plau,Itgb5,0.9085829739684449,0.3812181765922692,0.5273647973761757
PEC,SMC,Thbs1,Sdc1,0.9830722240633146,0.45763451756507934,0.5254377064982353
PEC,SMC,Col4a4,Cd93,0.9205378490642789,0.3988829610294234,0.5216548880348555
PEC,IMM,Cx3cl1,Cx3cr1,0.7863937747106104,0.2668877624318544,0.519506012278756
SMC,PEC,Thbs1,Sdc4,0.7795334673111751,0.2618027608973873,0.5177307064137878
MES,PEC,Icam1,Cav1,1.0,0.48472683460153176,0.5152731653984682
PEC,TEC,Dll4,Notch2,0.9816341224197802,0.4725258468805157,0.5091082755392645
PEC,END,Cxcl10,Sdc4,1.0,0.4910631007697061,0.5089368992302938
PEC,IMM,Cd14,Itga4,1.0,0.5084461778862718,0.4915538221137282
IMM,PEC,Thbs1,Sdc4,0.6270511710566753,0.13596885937707293,0.49108231167960237
PEC,IMM,Vegfa,Sirpa,0.8617984808506645,0.37553186507810865,0.4862666157725558
POD,PEC,Cxcl12,Sdc4,0.5084390174421954,0.025620015611596693,0.4828190018305987
PEC,END,Cd59b,Stab1,1.0,0.5182782508136292,0.4817217491863708
PEC,TEC,Apoe,Sdc2,1.0,0.5189383024292975,0.4810616975707025
END,PEC,Ptn,Sdc2,1.0,0.5202597527526381,0.47974024724736186
PEC,PEC,Rarres2,Ccrl2,1.0,0.5234003976477867,0.4765996023522133
PEC,END,Edn1,Ednrb,1.0,0.5282753077742196,0.4717246922257804
TEC,PEC,Tgm2,Sdc4,0.7046855080724268,0.23578346881099357,0.46890203926143326
IMM,PEC,Fn1,Sdc2,0.8390206539336313,0.3702242501567621,0.46879640377686926
PEC,IMM,Hspg2,Lrp1,0.9970060376299305,0.5322550838386635,0.46475095379126696
PEC,MES,Edn3,Ednra,0.5271791490839509,0.06752617880345227,0.4596529702804987
PEC,MES,Ptn,Sdc2,1.0,0.5417111412877478,0.4582888587122522
SMC,PEC,Apoe,Sorl1,1.0,0.5425020944557305,0.4574979055442695
PEC,PEC,Plau,St14,0.4466785983698017,0.00781961508594341,0.4388589832838583
PEC,IMM,Spp1,Ptger4,0.45012462289503874,0.015475312431265865,0.43464931046377286
IMM,PEC,Ccl5,Dpp4,0.8733402609404959,0.4395244570693658,0.43381580387113006
PEC,MES,Spp1,Ptger4,0.433147548362096,0.0012463986309122438,0.43190114973118376
PEC,SMC,Hspg2,Lrp1,1.0,0.5686423399869112,0.43135766001308884
PEC,POD,Adm,Pth1r,0.66139334673045,0.23396900924279165,0.4274243374876584
PEC,SMC,Adm,Pth1r,1.0,0.5742747512798179,0.42572524872018214
PEC,TEC,Cdh1,Ptprf,0.4408603375248259,0.019086213816702866,0.421774123708123
MES,PEC,Serpine1,Itgb5,1.0,0.5785233358434936,0.4214766641565064
POD,PEC,Adm,Ramp3,0.8595023960242487,0.4380345348282623,0.4214678611959864
POD,PEC,Ptn,Sdc2,1.0,0.5813672752867131,0.41863272471328694
PEC,IMM,Adm,Adrb2,1.0,0.5813672752867131,0.41863272471328694
SMC,PEC,Icam1,Cav1,1.0,0.5820798483069772,0.41792015169302277
PEC,IMM,Apoe,Lrp1,1.0,0.5827928234134638,0.41720717658653617
PEC,IMM,Spp1,S1pr1,0.6034544854621292,0.1872688269038578,0.4161856585582714
POD,PEC,Pam,Dpp4,1.0,0.5885181383235851,0.4114818616764149
PEC,IMM,Col4a3,Cd93,1.0,0.5899553474137129,0.4100446525862871
IMM,PEC,Ptn,Sdc2,1.0,0.5913948944554146,0.4086051055445854
PEC,END,Thbs1,Cd36,0.875660913571219,0.4671560133160607,0.4085049002551583
END,PEC,Tgm2,Sdc4,0.49474677201912637,0.0909407252749185,0.40380604674420784
PEC,IMM,Serpine2,Lrp1,1.0,0.5993540039849797,0.40064599601502027
PEC,TEC,Thbs1,Sdc4,0.4662780832533211,0.06683588872160466,0.3994421945317164
PEC,PEC,Apoe,Sorl1,1.0,0.604201706525291,0.39579829347470896
PEC,PEC,Spint1,St14,0.39351368955407395,6.069924972113485e-05,0.3934529903043528
SMC,PEC,Mdk,Sdc4,0.6358440583777986,0.2461769762187058,0.38966708215909274
PEC,TEC,Bst1,Cav1,0.4138812859338735,0.03356690740815129,0.38031437852572225
TEC,PEC,Jag1,Notch2,0.9594973124090205,0.5792334043880237,0.38026390802099674
PEC,END,Icam1,Cav1,0.696677802948356,0.3206223754423223,0.3760554275060337
PEC,MES,Apoe,Sdc2,1.0,0.6259007105107686,0.37409928948923143
SMC,PEC,Spp1,S1pr1,1.0,0.6326576137487868,0.3673423862512132
PEC,TEC,Cxcl10,Sdc4,0.7624640202199413,0.39756874742818155,0.36489527279175976
PEC,PEC,Cxcl10,Sdc4,0.5944388895968634,0.23638958234947005,0.35804930724739337
END,PEC,Hspg2,Lrp1,0.9181385358813737,0.560958102186568,0.3571804336948057
IMM,PEC,Fn1,Dpp4,0.964443160384971,0.6110579173895886,0.35338524299538243
IMM,PEC,Fn1,Plaur,0.8029181792967199,0.45054149204231153,0.3523766872544084
PEC,END,Plau,Plaur,0.48418330600546505,0.132651979191027,0.35153132681443805
SMC,PEC,Ptn,Sdc4,0.6236086971162773,0.2726569732855797,0.3509517238306976
PEC,TEC,Icam1,Cav1,1.0,0.6516818911197467,0.3483181088802533
PEC,IMM,Tgm2,Sdc4,0.8056123612578582,0.45763451756507934,0.34797784369277884
PEC,MES,Adm,Pth1r,1.0,0.6547606042587981,0.3452393957412019
PEC,PEC,Thbs1,Lrp1,0.9205378490642789,0.5756885077640495,0.3448493413002295
PEC,TEC,Ptn,Sdc2,1.0,0.6570760402892727,0.3429239597107273
TEC,PEC,Ptn,Sdc2,1.0,0.6578491936540021,0.3421508063459979
MES,PEC,Adm,Ramp3,0.7946766071989793,0.4532585381359915,0.3414180690629878
MES,PEC,Plau,Itgb5,0.864098651232129,0.5229097143837462,0.3411889368483828
PEC,MES,Jag1,Notch2,0.7249727106538315,0.39391771651095636,0.33105499414287515
PEC,IMM,Cxcl12,Sdc4,1.0,0.6695174038671483,0.3304825961328517
POD,PEC,Cxcl12,Dpp4,1.0,0.6753366203847778,0.3246633796152222
PEC,SMC,Thbs1,Itga4,0.9277608612098246,0.6033292203403574,0.3244316408694672
PEC,SMC,Cxcl10,Dpp4,0.9572186406608904,0.6332286636655239,0.32398997699536647
PEC,PEC,Ptn,Sdc2,1.0,0.6813229763822709,0.3186770236177291
PEC,SMC,Edn3,Ednrb,0.4636726150118289,0.1456467430648705,0.3180258719469584
SMC,PEC,Serpine2,Lrp1,0.9472067318031182,0.6319045203410133,0.3153022114621049
TEC,PEC,Thbs1,Sdc4,0.5422245788141645,0.2273670498523996,0.3148575289617649
PEC,PEC,Icam1,Cav1,0.8100146008128093,0.49873908295710045,0.31127551785570884
IMM,PEC,Thbs1,Lrp1,0.9014599762085509,0.5906747377945336,0.3107852384140173
PEC,SMC,Apoe,Sdc2,0.6730191263418942,0.3658620992742516,0.3071570270676426
PEC,MES,Edn1,Ednra,1.0,0.6988874492823194,0.3011125507176806
MES,PEC,Angptl4,Sdc4,0.3120000085830689,0.011778195573088426,0.3002218130099805
PEC,POD,Apoe,Sdc2,0.4235792575498706,0.12337818556385906,0.30020107198601154
PEC,PEC,Plau,Lrp1,0.8100146008128093,0.5123639453512971,0.29765065546151215
IMM,PEC,Ptgs2,Cav1,0.6518080955403232,0.3550462148347936,0.29676188070552956
PEC,IMM,Icam1,Itgam_Itgb2,0.38797181091733124,0.09293583322645012,0.29503597769088113
SMC,PEC,Pdgfc,Flt1,1.0,0.7076524322380924,0.2923475677619076
END,PEC,Apoe,Sorl1,1.0,0.7127700471761647,0.28722995282383534
PEC,PEC,Ptn,Sdc4,0.6926968004411973,0.4058434633122867,0.2868533371289106
TEC,PEC,Apoe,Sorl1,1.0,0.7183007309683076,0.2816992690316924
PEC,SMC,Cd14,Itga4,1.0,0.7183901974027778,0.28160980259722224
PEC,IMM,Plau,Lrp1,0.7006740291411634,0.4202899925810537,0.2803840365601097
PEC,SMC,Apoe,Lrp1,1.0,0.7208532241721004,0.2791467758278996
IMM,PEC,Ccl5,Sdc4,0.4369975150036303,0.16744771926446012,0.2695497957391702
POD,PEC,Apoe,Sdc2,0.675533013221881,0.40612847333483815,0.2694045398870428
PEC,END,Cxcl12,Sdc4,1.0,0.7307616283029679,0.26923837169703213
PEC,END,Tgm2,Sdc4,1.0,0.7312568117963727,0.2687431882036273
PEC,SMC,Pam,Dpp4,1.0,0.734042261842586,0.26595773815741397
PEC,MES,Tgm2,Sdc4,0.6907119989907342,0.42643039227683555,0.26428160671389866
PEC,SMC,Serpine2,Lrp1,1.0,0.7374174887018732,0.2625825112981268
PEC,IMM,Csf1,Csf2ra,0.5498039100120078,0.2876320218252941,0.26217188818671366
SMC,PEC,Tgfb3,Itgb5,0.7629612728616757,0.5026821443479385,0.26027912851373725
PEC,TEC,Thbs1,Cd36,0.6461016426141584,0.3884492069939077,0.25765243562025064
PEC,TEC,Ptn,Sdc4,0.8572103931212811,0.6007144299864258,0.25649596313485534
TEC,PEC,Gas6,Axl,0.799038953581364,0.543751890351087,0.25528706323027706
TEC,PEC,Apoe,Sdc2,1.0,0.7449536325129725,0.25504636748702747
END,PEC,Apoe,Sdc2,1.0,0.7491622186356423,0.25083778136435775
SMC,PEC,Tgm2,Sdc4,0.5075551094809589,0.256758675209805,0.25079643427115395
PEC,SMC,Cxcl10,Sdc4,0.5059421193197111,0.2561310732853834,0.2498110460343277
PEC,TEC,Cp,Slc40a1,0.5456064239642743,0.29891180087781255,0.24669462308646173
PEC,IMM,Thbs1,Lrp1,0.5980342730779762,0.3521837097452598,0.24585056333271638
PEC,MES,Tgm2,Itga4,0.4235792575498706,0.1780415157209177,0.24553774182895288
MES,PEC,Adm,Ackr3,0.8826475300577177,0.6371893157518451,0.24545821430587256
PEC,IMM,Plau,Itgam,0.2552071701950043,0.01046530264028651,0.24474186755471777
TEC,PEC,Egf,Axl,0.48618807030728073,0.24494439550638591,0.24124367480089481
END,PEC,Ada,Dpp4,0.8321840932575884,0.5928365993513633,0.239347493906225
IMM,PEC,Cxcl10,Sdc4,0.43392747743954,0.19950967352741178,0.23441780391212824
PEC,MES,Cd14,Itga4,0.66139334673045,0.4272002996927717,0.23419304703767835
POD,PEC,Ntrk3,Ptprf,0.2709511619723992,0.036875170697953104,0.23407599127444612
PEC,SMC,Ptn,Sdc2,0.7290763161247791,0.49533807342901237,0.2337382426957667
SMC,PEC,Pam,Dpp4,0.9894274841540742,0.7584772260812416,0.23095025807283265
MES,PEC,Apoe,Sorl1,0.3308037904498201,0.11047181972780754,0.22033197072201258
PEC,IMM,Thbs1,Sdc4,0.47131540995864485,0.25237887484686217,0.21893653511178268
PEC,MES,Thbs1,Itga4,0.2887193000163315,0.0749728560800231,0.2137464439363084
PEC,TEC,Apoe,Sorl1,0.35715233906917154,0.14368745580700454,0.213464883262167
PEC,POD,Jag1,Notch2,0.8651270082176107,0.6537247103025834,0.2114022979150273
PEC,END,Thbs1,Sdc4,0.5944388895968634,0.38417111589485076,0.21026777370201266
POD,PEC,Rarres2,Ccrl2,1.0,0.7901829059346986,0.20981709406530136
PEC,END,Thbs1,Itga6,0.564458182546898,0.358637229637789,0.20582095290910896
SMC,PEC,Cxcl12,Dpp4,0.8618025312437426,0.6586227580481515,0.2031797731955911
PEC,IMM,Serping1,Lrp1,1.0,0.7982679575811987,0.20173204241880127
PEC,SMC,Edn3,Ednra,0.27254710895598433,0.07102708312670261,0.20152002582928172
PEC,PEC,Cxcl12,Sdc4,0.501123660137664,0.30159166204307103,0.19953199809459293
PEC,MES,Thbs1,Lrp1,0.28382723565229095,0.08469034118690028,0.19913689446539068
TEC,PEC,Spint1,St14,0.19488535151246217,0.0009228610221597459,0.19396249049030242
SMC,PEC,Pdgfc,Pdgfrb,1.0,0.8092081196485283,0.19079188035147165
PEC,SMC,Ptn,Sdc4,0.6180682822650051,0.4279707833705755,0.19009749889442962
IMM,PEC,Cxcl1,Dpp4,0.7677976750270814,0.5792334043880237,0.18856427063905767
SMC,PEC,Adm,Ackr3,0.7241727794236055,0.536627818058424,0.1875449613651815
PEC,MES,Cxcl12,Itga4,0.7282102908176717,0.5433430438791392,0.18486724693853251
SMC,PEC,Cxcl12,Ackr3,1.0,0.8171257895217632,0.18287421047823682
PEC,POD,Adm,Ackr3,1.0,0.8177802861433254,0.18221971385667457
PEC,TEC,Plau,St14,0.1852895607234794,0.008832732563462458,0.17645682816001695
PEC,MES,Icam1,Spn,0.9133524240243724,0.7407606266260414,0.17259179739833108
MES,PEC,Cxcl10,Sdc4,0.4152922423470511,0.24310043598246917,0.17219180636458192
PEC,TEC,Adm,Pth1r,1.0,0.833073845689833,0.166926154310167
PEC,TEC,Spint1,St14,0.1667351802254811,7.222572652791008e-05,0.1666629544989532
END,PEC,Serpine1,Lrp1,1.0,0.8339792759984213,0.16602072400157875
PEC,IMM,Rarres2,Ccrl2,0.7838402683064403,0.6236591473355124,0.16018112097092785
PEC,IMM,Lgals1,Ptprc,0.15778160675492747,0.0030197503306217937,0.15476185642430568
PEC,TEC,Cxcl12,Sdc4,0.6671893550228762,0.5125349486525927,0.1546544063702835
PEC,SMC,Cxcl12,Ackr3,1.0,0.8467256532984635,0.1532743467015365
MES,PEC,Adm,Pth1r,1.0,0.8467256532984635,0.1532743467015365
PEC,PEC,Cxcl12,Ackr3,1.0,0.8476409466831637,0.1523590533168363
POD,PEC,Egf,Cav1,0.7477342295317477,0.5963649286303171,0.15136930090143064
END,PEC,Ptn,Sdc4,0.698674011268253,0.5475550952063301,0.15111891606192296
TEC,PEC,Plau,Itgb5,0.7270225831915926,0.5806554635467396,0.14636711964485305
END,PEC,Serpine1,Itgb5,1.0,0.8540671725275097,0.14593282747249026
PEC,POD,Ptn,Sdc2,0.37880357806900067,0.2345731817410795,0.14423039632792117
PEC,IMM,Cxcl12,Itga4,0.8322665013152908,0.6884723729508655,0.1437941283644253
PEC,POD,Cxcl10,Sdc4,0.1976655191874635,0.05624343923044477,0.14142207995701872
TEC,PEC,Spp1,S1pr1,0.6009187609337469,0.46080024332121494,0.1401185176125319
SMC,PEC,Serpine1,Itgb5,1.0,0.8605255627076218,0.13947443729237818
PEC,POD,Cxcl10,Dpp4,0.19212225237783287,0.05341891881602787,0.138703333561805
PEC,MES,Col4a4,Sdc1,0.6887309925668809,0.553471080633829,0.13525991193305187
END,PEC,Dll4,Notch2,0.640428593186098,0.507144652690861,0.13328394049523706
PEC,MES,Plau,Lrp1,0.24595086307697728,0.1139677394004279,0.13198312367654938
PEC,SMC,Cxcl12,Sdc4,0.4531121629627636,0.3233795084323018,0.1297326545304618
IMM,PEC,F10,F3,0.15778160675492747,0.030170444484603945,0.12761116227032354
MES,PEC,Apoe,Sdc2,0.32563145673320737,0.2006390827297614,0.12499237400344598
SMC,PEC,Mdk,Sorl1,0.6329163188043616,0.5100653037019618,0.12285101510239982
POD,PEC,Cxcl12,Ackr3,0.5107913672439081,0.39084761332160545,0.11994375392230261
PEC,IMM,Angptl2,Pirb,0.6871704281554496,0.5679307760978033,0.1192396520576463
PEC,SMC,Thbs1,Lrp1,0.518942132861967,0.4005701299070673,0.11837200295489969
PEC,IMM,Plau,Plaur,0.25988904774676075,0.14368745580700454,0.11620159193975621
MES,PEC,Dll4,Notch2,1.0,0.8876292831988941,0.11237071680110589
POD,PEC,Col1a2,Itga2b,0.3052732152344811,0.19446149556135967,0.11081171967312142
PEC,TEC,Thbs1,Itga6,0.4516167459962416,0.34365157981967587,0.10796516617656571
IMM,PEC,C3,Lrp1,0.5558362707403371,0.44904882324340134,0.1067874474969358
PEC,POD,Cxcl12,Sdc4,0.23533453625404024,0.13077309957091174,0.1045614366831285
PEC,POD,Cxcl12,Dpp4,0.23233776495822206,0.12844142086474183,0.10389634409348023
PEC,IMM,Col4a5,Cd44,0.11856393963808345,0.014965340911255526,0.10359859872682793
MES,PEC,Jag1,Notch2,1.0,0.9018689214095432,0.09813107859045678
MES,PEC,Rarres2,Ccrl2,0.6139383579830228,0.5215836116174744,0.09235474636554841
SMC,PEC,Col1a2,Itga2b,0.4931610479438536,0.4035802214422439,0.0895808265016097
PEC,PEC,Spp1,S1pr1,0.46063878288119225,0.37168281583576795,0.0889559670454243
SMC,PEC,Apoe,Sdc2,1.0,0.9115234968168021,0.08847650318319789
PEC,PEC,Cxcl10,Dpp4,0.8364319310519439,0.7483192791904982,0.08811265186144568
MES,PEC,Serping1,Lrp1,0.5998373886194286,0.5235735240584982,0.07626386456093037
PEC,IMM,Gpc3,Lrp1,1.0,0.9278827904558977,0.07211720954410228
PEC,SMC,Csf1,Sirpa,1.0,0.9327544452399913,0.06724555476000871
PEC,IMM,Col4a3,Cd44,0.11967830634080379,0.05560986430403283,0.06406844203677095
PEC,SMC,Adm,Ramp1,0.6769244462129131,0.6140074181155104,0.06291702809740274
PEC,IMM,Col4a4,Cd44,0.075198171416343,0.012695391696270871,0.06250277972007212
PEC,END,Ptn,Sdc4,1.0,0.9396034149684271,0.06039658503157286
MES,PEC,Ptn,Sdc2,0.10346066731781892,0.043369779720024926,0.06009088759779399
PEC,SMC,Cxcl12,Dpp4,0.8827925191737106,0.8248048178878362,0.05798770128587438
PEC,POD,Tgm2,Sdc4,0.07162739060364366,0.013646018599389948,0.05798137200425371
PEC,IMM,Col4a4,Cd93,1.0,0.9452332842546325,0.05476671574536751
SMC,PEC,Ptn,Sdc2,1.0,0.9462293035478992,0.05377069645210075
SMC,PEC,Gas6,Axl,0.8710237120228262,0.8177802861433254,0.053243425879500816
PEC,IMM,Csf1,Sirpa,0.698674011268253,0.6470816509837158,0.051592360284537175
PEC,SMC,Gas6,Axl,0.3806303754327651,0.33031393406146514,0.05031644137129998
PEC,MES,Ptn,Sdc4,0.5490023016334682,0.5006704963428467,0.04833180529062153
PEC,MES,Apoe,Lrp1,0.607416809402114,0.5611100448002546,0.04630676460185934
PEC,MES,Hspg2,Lrp1,0.5310473216534388,0.4864156315139617,0.0446316901394771
PEC,TEC,Pam,Dpp4,1.0,0.9553837089474154,0.04461629105258458
PEC,IMM,Csf1,Csf3r,0.6125607806423974,0.5693443018283246,0.043216478814072756
TEC,PEC,Kng2,Sdc2,0.052678174476843934,0.010894528003327715,0.04178364647351622
PEC,IMM,Cxcl10,Sdc4,1.0,0.9593560723026324,0.04064392769736758
MES,PEC,Serpine2,Lrp1,0.7903301672432093,0.7545664476330217,0.03576371961018754
SMC,PEC,Adm,Ramp3,0.8151371422176488,0.7799343729135165,0.03520276930413224
PEC,PEC,Apoe,Sdc2,1.0,0.9653353651970307,0.03466463480296933
PEC,PEC,Pam,Dpp4,1.0,0.9653353651970307,0.03466463480296933
END,PEC,Pam,Dpp4,1.0,0.967334053917858,0.03266594608214202
PEC,IMM,Jag1,Notch2,0.6624625778158493,0.6305711678280433,0.03189140998780593
PEC,PEC,Plau,Itgb5,0.41812376802979156,0.3863916237060691,0.031732144323722455
SMC,PEC,Ltbp1,Itgb5,0.5355028698599702,0.5045484328513574,0.03095443700861278
TEC,PEC,Cdh1,Ptprf,0.029168809868838755,0.00016235401239770395,0.02900645585644105
PEC,MES,Efna1,Epha3,0.22197791292832683,0.19557847815783747,0.026399434770489366
PEC,PEC,Jag1,Notch2,0.6089073495996827,0.584243815458025,0.024663534141657784
TEC,PEC,Pam,Dpp4,1.0,0.97837579120223,0.02162420879777005
TEC,PEC,Thbs1,Lrp1,0.9978025149001588,0.9763621703458936,0.021440344554265245
PEC,POD,Thbs1,Sdc4,0.02472532591189417,0.003582073999388776,0.021143251912505396
IMM,PEC,Sema4d,Met,0.021127524415136583,4.064621187378515e-05,0.0210868782032628
PEC,POD,Plau,Itgb5,0.033962555357215686,0.013970305037947793,0.019992250319267893
PEC,IMM,Lamc2,Cd44,0.016462875583018927,0.0007212915069194073,0.01574158407609952
SMC,PEC,Serpine1,Lrp1,0.8406742161232497,0.8267534947424067,0.013920721380842993
MES,PEC,Apoe,Lrp1,0.5490023016334682,0.5383211938470784,0.010681107786389754
PEC,IMM,Spp1,Cd44,0.00983455498663157,8.035214062409805e-06,0.00982651977256916
PEC,MES,Serpine2,Lrp1,0.5784379303044401,0.5704958875309107,0.00794204277352939
MES,PEC,Ptn,Sdc4,0.011245255480729133,0.004561164064204837,0.006684091416524296
PEC,IMM,Icam1,Spn,0.7168117518250242,0.7110345872882946,0.0057771645367296065
IMM,PEC,Icam1,Cav1,0.6499022270124774,0.6465714467823215,0.003330780230155872
PEC,SMC,Serping1,Lrp1,1.0,0.9976452470185788,0.002354752981421182
PEC,MES,Plau,Itgb5,0.44863563889048175,0.4474023541125396,0.0012332847779421563
PEC,IMM,Hbegf,Cd44,0.0020715849554683564,0.0008805759622886331,0.0011910089931797233
MES,PEC,Serpine1,Lrp1,1.0,1.0,0.0
PEC,TEC,Gas6,Axl,1.0,1.0,0.0
PEC,PEC,Hspg2,Lrp1,1.0,1.0,0.0
PEC,PEC,Serping1,Lrp1,1.0,1.0,0.0
PEC,MES,Pam,Dpp4,1.0,1.0,0.0
PEC,TEC,Cxcl12,Ackr3,1.0,1.0,0.0
PEC,PEC,Adm,Calcrl,1.0,1.0,0.0
END,PEC,Insl3,Pth1r,1.0,1.0,0.0
SMC,PEC,Thbs1,Lrp1,1.0,1.0,0.0
END,PEC,Insl3,Ramp3,1.0,1.0,0.0
TEC,PEC,Adm,Calcrl,1.0,1.0,0.0
MES,PEC,Plau,Lrp1,1.0,1.0,0.0
PEC,IMM,Adm,Ramp3,1.0,1.0,0.0
MES,PEC,Gas6,Axl,1.0,1.0,0.0
SMC,PEC,Hspg2,Lrp1,1.0,1.0,0.0
POD,PEC,Calca,Ramp3,1.0,1.0,0.0
END,PEC,Adm,Ramp3,1.0,1.0,0.0
END,PEC,Adm,Ackr3,1.0,1.0,0.0
PEC,SMC,Gpc3,Lrp1,1.0,1.0,0.0
PEC,IMM,Col4a5,Cd93,1.0,1.0,0.0
PEC,IMM,Pam,Dpp4,1.0,1.0,0.0
TEC,PEC,Plau,Lrp1,1.0,1.0,0.0
PEC,PEC,Apoe,Lrp1,1.0,1.0,0.0
PEC,PEC,Dll4,Notch2,1.0,1.0,0.0
PEC,SMC,Adm,Calcrl,1.0,1.0,0.0
PEC,SMC,Col4a3,Cd93,1.0,1.0,0.0
TEC,PEC,Icam1,Cav1,1.0,1.0,0.0
TEC,PEC,Hspg2,Lrp1,1.0,1.0,0.0
SMC,PEC,Jag1,Notch2,0.5064012963299216,0.5117096464803603,-0.005308350150438734
POD,PEC,Apoe,Sorl1,0.6666156389390132,0.6726521907351302,-0.006036551796116951
TEC,PEC,Kng2,Plaur,0.011245255480729133,0.01741598554317983,-0.006170730062450697
SMC,PEC,Mdk,Notch2,0.7188462190970922,0.7257961540030089,-0.006949934905916666
MES,PEC,Gpc3,Lrp1,0.4013262173728974,0.4089384138686228,-0.007612196495725365
TEC,PEC,Ptn,Sdc4,0.4152922423470511,0.4248921138512463,-0.009599871504195223
SMC,PEC,Apoe,Lrp1,0.9897291553673275,1.0,-0.010270844632672471
PEC,SMC,Edn1,Ednrb,0.9775784693364862,0.9884864569206846,-0.01090798758419842
END,PEC,Ltbp1,Itgb5,0.9843965113723168,1.0,-0.015603488627683237
TEC,PEC,Egf,Cav1,0.1866474921521465,0.2097730741875055,-0.023125582035359
PEC,TEC,Plau,Itgb5,0.425258826706931,0.4489708942916322,-0.023712067584701235
SMC,PEC,Gpc3,Flt1,0.8065802559377568,0.833263630789844,-0.02668337485208716
TEC,PEC,Gpc3,Flt1,0.13516118182831044,0.16284048700035497,-0.027679305172044533
PEC,SMC,Jag1,Notch2,0.6117619094377736,0.64033339440836,-0.02857148497058637
PEC,SMC,Adm,Ackr3,0.9653789200693103,1.0,-0.03462107993068975
PEC,MES,Serping1,Lrp1,0.6624625778158493,0.7026648739816967,-0.04020229616584747
PEC,SMC,Col4a5,Sdc1,0.5371780585092679,0.5778138478403876,-0.040635789331119665
PEC,POD,Ptn,Sdc4,0.16287127121326467,0.2051841918246518,-0.04231292061138714
PEC,MES,Cxcl12,Sdc4,0.6730191263418942,0.7167512315928125,-0.04373210525091831
PEC,SMC,Plau,Lrp1,0.43392747743954,0.4791597645612589,-0.045232287121718895
PEC,PEC,Gas6,Axl,0.6442069194804834,0.6916658031031478,-0.04745888362266448
END,PEC,Adm,Calcrl,0.9521102897462308,1.0,-0.0478897102537692
POD,PEC,Ptn,Sdc4,0.4353836073773915,0.4839925635672877,-0.04860895618989619
MES,PEC,Col1a2,Itga2b,0.48528323371361703,0.5416614987302919,-0.05637826501667487
PEC,POD,Pam,Dpp4,0.027461255146394723,0.08739969210694003,-0.05993843696054531
POD,PEC,Thbs1,Sdc4,0.4295785748140193,0.48965330945540453,-0.06007473464138524
IMM,PEC,Apoc2,Lrp1,0.7498267661572371,0.813318020633631,-0.06349125447639392
IMM,PEC,Ptn,Sdc4,0.40966759882790116,0.4783559986774777,-0.06868839984957653
PEC,TEC,Jag1,Notch2,0.7066969763939818,0.7773384640124892,-0.07064148761850741
SMC,PEC,Mdk,Lrp1,0.9277608612098246,1.0,-0.0722391387901754
TEC,PEC,Plau,Plaur,0.8549224685101608,0.9405844614152072,-0.08566199290504639
SMC,PEC,Serpine1,Plaur,0.7540235440689218,0.8431219534686587,-0.0890984093997369
MES,PEC,Plau,Plaur,0.7667077765648898,0.8586768981253244,-0.09196912156043469
IMM,PEC,Gas6,Axl,0.9036446877188264,1.0,-0.09635531228117356
PEC,POD,Vegfa,Sirpa,0.568787884005698,0.6656127342173224,-0.09682485021162435
PEC,SMC,Col4a4,Sdc1,0.5304982074266682,0.6281476383634631,-0.0976494309367949
POD,PEC,Adm,Calcrl,0.6602308415983394,0.7601791747077079,-0.09994833310936846
PEC,SMC,Icam1,Cav1,0.7859996046612461,0.8885738162340503,-0.10257421157280422
SMC,PEC,Gpc3,Lrp1,0.8953203295741554,1.0,-0.10467967042584458
SMC,PEC,Serping1,Lrp1,0.44418884637468126,0.5512785383822624,-0.10708969200758112
POD,PEC,Calca,Pth1r,0.8911498994967331,1.0,-0.10885010050326693
IMM,PEC,Cxcl10,Dpp4,0.464619084485754,0.5763964338918214,-0.11177734940606737
PEC,MES,Col4a5,Sdc1,0.4805970593547444,0.5937604260265494,-0.11316336667180504
PEC,END,Adm,Calcrl,0.7773859954075142,0.8947841190554364,-0.11739812364792224
PEC,MES,Gas6,Axl,0.19350166474600014,0.3137714021052905,-0.12026973735929034
PEC,IMM,Gas6,Axl,0.6366650693116598,0.7593279898248195,-0.12266292051315975
TEC,PEC,Gpc3,Lrp1,0.22631586382098184,0.351119436979409,-0.12480357315842716
PEC,TEC,Adm,Calcrl,0.8744130877491119,1.0,-0.12558691225088814
PEC,SMC,Edn1,Ednra,0.5731687962879776,0.7142975628877852,-0.14112876659980766
PEC,POD,Csf1,Csf2ra,0.6180682822650051,0.7610312104250143,-0.14296292816000922
PEC,SMC,Hspg2,Sdc1,0.501123660137664,0.6455532549740453,-0.1444295948363813
PEC,MES,Csf1,Sirpa,0.8533678449591722,1.0,-0.14663215504082783
IMM,PEC,Ccl5,Ccrl2,0.8526386185592869,1.0,-0.1473613814407131
PEC,SMC,Cxcl12,Itga4,0.8526386185592869,1.0,-0.1473613814407131
TEC,PEC,Apoe,Lrp1,0.8449109521031064,1.0,-0.1550890478968936
IMM,PEC,Apoe,Lrp1,0.4667197388149703,0.6244056765803347,-0.15768593776536444
PEC,IMM,Tgm2,Itga4,0.5473026069181852,0.7072524989371674,-0.15994989201898213
TEC,PEC,Adm,Ramp3,0.8279306991085817,1.0,-0.17206930089141825
POD,PEC,Calca,Calcrl,0.8255486937917668,1.0,-0.17445130620823324
PEC,END,Gpc3,Flt1,0.5872914113569787,0.7695988650212211,-0.1823074536642424
TEC,PEC,Adm,Ackr3,0.7373193613686653,0.9201235231850087,-0.1828041618163434
PEC,IMM,Icam1,Itgal_Itgb2,0.2903576314543771,0.47674995793588815,-0.18639232648151105
POD,PEC,Egf,Axl,0.4223951431688784,0.6217396188833961,-0.19934447571451774
MES,PEC,Cxcl10,Dpp4,0.5807603956854045,0.7868851104309805,-0.20612471474557603
PEC,END,Plau,Itgb5,0.5355028698599702,0.7433502785636986,-0.20784740870372842
PEC,IMM,Vegfa,Cd44,0.2614575652230692,0.4727437776987903,-0.2112862124757211
END,PEC,Serpine1,Plaur,0.638544982762186,0.8498980579460398,-0.21135307518385382
PEC,MES,Ptn,Sdc1,0.47439589004907956,0.686083711510052,-0.21168782146097243
END,PEC,Icam1,Cav1,0.7087122687949535,0.9223964273943992,-0.21368415859944567
PEC,SMC,Vegfa,Sirpa,0.7807755505777418,1.0,-0.21922444942225816
PEC,PEC,Adm,Ramp3,0.7764551968368971,1.0,-0.22354480316310288
SMC,PEC,Mdk,Sdc2,0.6366650693116598,0.8605758005839033,-0.22391073127224348
PEC,SMC,Col4a3,Sdc1,0.5388567371303322,0.7695850940490999,-0.2307283569187677
PEC,SMC,Tgm2,Itga4,0.5405389093547641,0.7756109895133185,-0.2350720801585544
SMC,PEC,Adm,Pth1r,0.14538664303701848,0.3814161513379509,-0.23602950830093244
SMC,PEC,Spp1,Ptger4,0.6576754872336545,0.8961549330883337,-0.23847944585467917
PEC,IMM,Apoe,Sorl1,0.7456455896176926,0.9902960613978715,-0.24465047178017896
PEC,PEC,Cxcl12,Dpp4,0.7547693020180299,1.0,-0.24523069798197006
PEC,IMM,Gpc3,Flt1,0.7460556174471,1.0,-0.25394438255289997
POD,PEC,Icam1,Cav1,0.5021796620661299,0.7593279898248195,-0.2571483277586897
POD,PEC,Adm,Pth1r,0.520582621531646,0.8009102297530535,-0.28032760822140745
POD,PEC,Gpc3,Flt1,0.48344610521903,0.7640624307347327,-0.2806163255157027
MES,PEC,Adm,Calcrl,0.6070860941952301,0.8952050343456747,-0.2881189401504446
END,PEC,Gas6,Axl,0.39038157835260995,0.6816825569962097,-0.2913009786435998
MES,PEC,Gpc3,Flt1,0.40826941839842745,0.6996928530754157,-0.2914234346769883
PEC,IMM,Cxcl12,Cxcr4,0.469780183343424,0.7620716826119932,-0.29229149926856923
PEC,MES,Cxcl10,Dpp4,0.7021488181985268,1.0,-0.2978511818014732
PEC,PEC,Gpc3,Flt1,0.4409535701632197,0.7447771147810243,-0.3038235446178046
POD,PEC,Thbs1,Lrp1,0.6932996020103155,1.0,-0.3067003979896845
SMC,PEC,Cxcl1,Dpp4,0.4123611325726215,0.7200314526368511,-0.30767032006422956
PEC,TEC,Cxcl10,Dpp4,0.4314462957137447,0.7424357665624077,-0.310989470848663
END,PEC,Adm,Pth1r,0.6888664868830536,1.0,-0.31113351311694637
PEC,POD,Csf1,Sirpa,0.38797181091733124,0.7008323414533864,-0.3128605305360551
END,PEC,F8,Lrp1,0.6867537775380361,1.0,-0.3132462224619639
PEC,MES,Gpc3,Lrp1,0.497928410451704,0.819043603338805,-0.321115192887101
PEC,TEC,Plau,Plaur,0.43830563263671696,0.7630114147852436,-0.32470578214852663
PEC,PEC,Adm,Ackr3,0.6710771714424579,1.0,-0.32892282855754207
PEC,POD,Dll4,Notch2,0.6556310034113917,1.0,-0.3443689965886083
PEC,MES,Hspg2,Sdc1,0.5222265638570833,0.8703138159486108,-0.34808725209152747
PEC,SMC,Jag1,Notch3,0.06642290067191536,0.4326045946630268,-0.36618169399111145
PEC,MES,Vegfa,Sirpa,0.6080961504734431,0.9755447378798838,-0.3674485874064407
MES,PEC,Pdgfc,Flt1,0.6162287962075301,1.0,-0.3837712037924699
PEC,SMC,Dll4,Notch3,0.6161173958622822,1.0,-0.3838826041377178
PEC,MES,Cxcl10,Sdc4,0.6125607806423974,1.0,-0.3874392193576026
PEC,MES,Dll4,Notch3,0.6070860941952301,1.0,-0.3929139058047699
PEC,IMM,Cxcl10,Dpp4,0.5578220825645266,0.9593560723026324,-0.40153398973810583
PEC,MES,Cxcl12,Dpp4,0.5853307420226194,1.0,-0.41466925797738063
IMM,PEC,Tnf,Fas,0.08930052436168397,0.5141837290329764,-0.4248832046712924
PEC,MES,Adm,Calcrl,0.5670147620108437,1.0,-0.43298523798915634
MES,PEC,Pdgfc,Pdgfrb,0.5661931946139489,1.0,-0.4338068053860511
PEC,PEC,Serpine2,Lrp1,0.5624213404596817,1.0,-0.43757865954031827
MES,PEC,Serpine1,Plaur,0.48999977191733624,0.9366641222114624,-0.4466643502941262
END,PEC,Apoe,Lrp1,0.5532171015433187,1.0,-0.4467828984566813
SMC,PEC,Rarres2,Ccrl2,0.38246060466268206,0.8303612594149303,-0.4479006547522483
POD,PEC,Gpc3,Lrp1,0.5439897804320917,1.0,-0.4560102195679083
PEC,SMC,Ptn,Sdc1,0.5422245788141645,1.0,-0.4577754211858355
PEC,IMM,Adm,Calcrl,0.5393674330788706,1.0,-0.4606325669211294
PEC,POD,Gpc3,Flt1,0.03156022997875339,0.49522190751653006,-0.46366167753777665
PEC,POD,Cxcl12,Ackr3,0.491578715787124,0.9573686423531844,-0.46578992656606044
PEC,SMC,Cxcl1,Dpp4,0.23632313939319124,0.711849513412236,-0.47552637401904474
PEC,PEC,Gpc3,Lrp1,0.520820046944583,1.0,-0.47917995305541705
END,PEC,Mfng,Notch2,0.49633589164454295,0.9976452470185788,-0.5013093553740359
PEC,MES,Col4a3,Sdc1,0.47594115078749477,0.9782316153251271,-0.5022904645376324
PEC,IMM,Cxcl12,Dpp4,0.49282454835572254,1.0,-0.5071754516442775
MES,PEC,Pam,Dpp4,0.48813824478146245,1.0,-0.5118617552185376
PEC,IMM,Dll4,Notch2,0.4774897634968436,1.0,-0.5225102365031564
TEC,PEC,Serpine2,Lrp1,0.4551704786789502,1.0,-0.5448295213210498
PEC,SMC,Dll4,Notch2,0.45012462289503874,1.0,-0.5498753771049613
MES,PEC,Hspg2,Lrp1,0.24131773016122082,0.7971138562000168,-0.555796126038796
PEC,SMC,Rarres2,Ccrl2,0.3979854076148912,1.0,-0.6020145923851088
PEC,TEC,Cxcl12,Dpp4,0.3496818876291762,1.0,-0.6503181123708238
IMM,PEC,Serpine2,Lrp1,0.3399500163837584,1.0,-0.6600499836162417
END,PEC,Serpine2,Lrp1,0.32530758617726835,1.0,-0.6746924138227317
POD,PEC,Gas6,Axl,0.2612359333252586,0.9376797899616505,-0.676443856636392
POD,PEC,Serpine2,Lrp1,0.3007842669100503,1.0,-0.6992157330899498
PEC,TEC,Adm,Ackr3,0.20119207335112513,1.0,-0.7988079266488749
PEC,SMC,Gpc3,Flt1,0.1961491661821202,1.0,-0.8038508338178798
PEC,PEC,Cxcl1,Dpp4,0.09401510688854317,0.9124076340053383,-0.8183925271167951
PEC,IMM,Adm,Pth1r,0.10433831011676115,0.932706345449988,-0.8283680353332268
TEC,PEC,Adm,Pth1r,0.1555877596228442,1.0,-0.8444122403771558
PEC,TEC,Adm,Ramp3,0.12491131446966028,1.0,-0.8750886855303397
PEC,TEC,Cxcl1,Dpp4,0.02106487387562704,0.9028237684107638,-0.8817588945351368
PEC,MES,Gpc3,Flt1,0.05247693411289954,0.9343650476901633,-0.8818881135772637
PEC,TEC,Gpc3,Flt1,0.1094907351088636,1.0,-0.8905092648911364
PEC,PEC,Adm,Pth1r,0.09917976585190748,1.0,-0.9008202341480925
PEC,END,Adm,Pth1r,0.08884431319306373,1.0,-0.9111556868069363
PEC,MES,Cxcl1,Dpp4,0.07329514481937091,1.0,-0.9267048551806291
POD,PEC,Apoe,Lrp1,0.042030909811289076,0.9689931003923007,-0.9269621905810116
PEC,IMM,Cxcl1,Dpp4,0.05769071107919679,1.0,-0.9423092889208032
MES,PEC,Thbs1,Lrp1,0.04725700156746682,1.0,-0.9527429984325332
END,PEC,Angptl4,Cdh11,,0.6575221408320964,
END,PEC,Angptl4,Sdc1,,1.0,
END,PEC,Angptl4,Sdc2,,0.8670166641514276,
END,PEC,Angptl4,Sdc4,,0.4260705059180375,
END,PEC,Apoe,Lrp2,,0.6425033027865242,
END,PEC,Bst1,Cav1,,1.0,
END,PEC,Calca,Calcrl,,1.0,
END,PEC,Calca,Pth1r,,1.0,
END,PEC,Calca,Ramp3,,0.6956716097238569,
END,PEC,Col4a3,Cd44,,1.0,
END,PEC,Col4a3,Cd93,,0.2279041641907064,
END,PEC,Col4a3,Sdc1,,1.0,
END,PEC,Col4a4,Cd44,,1.0,
END,PEC,Col4a4,Cd93,,0.10092597037603296,
END,PEC,Col4a4,Sdc1,,0.6862565089437648,
END,PEC,Csf1,Csf2ra,,0.41801721007186876,
END,PEC,Csf1,Sirpa,,0.5262347167885822,
END,PEC,Cxcl1,Dpp4,,1.0,
END,PEC,Cxcl10,Dpp4,,1.0,
END,PEC,Cxcl10,Sdc4,,0.38491071549170885,
END,PEC,Cxcl12,Ackr3,,1.0,
END,PEC,Cxcl12,Dpp4,,1.0,
END,PEC,Cxcl12,Sdc4,,0.7526936557031345,
END,PEC,Dlk1,Notch2,,0.7282760698884045,
END,PEC,Dlk1,Notch3,,0.5065188227040761,
END,PEC,Dll1,Notch2,,0.7877567627002495,
END,PEC,Dll1,Notch3,,1.0,
END,PEC,Dll4,Notch3,,0.952552250759212,
END,PEC,Edn1,Ednrb,,1.0,
END,PEC,Efna1,Epha4,,0.6478469458934719,
END,PEC,F8,Lrp2,,0.5679407784969718,
END,PEC,Fgfr3,Epha4,,0.5289047430591062,
END,PEC,Gpc3,Flt1,,0.014861968763315952,
END,PEC,Gpc3,Lrp1,,0.050750793764957024,
END,PEC,Gpc3,Lrp2,,0.5993416084357712,
END,PEC,Hbegf,Cd44,,0.6190982570272133,
END,PEC,Hspg2,Lrp2,,0.8479605771763034,
END,PEC,Hspg2,Sdc1,,0.7233218742348758,
END,PEC,Jag1,Notch2,,0.7077817687160536,
END,PEC,Jag1,Notch3,,0.5364776985731962,
END,PEC,Jag2,Notch2,,0.7627367607864388,
END,PEC,Jag2,Notch3,,1.0,
END,PEC,Kitl,Epor,,0.6687353305097139,
END,PEC,Lamc2,Cd44,,1.0,
END,PEC,Ltf,Lrp1,,1.0,
END,PEC,Ltf,Tfrc,,1.0,
END,PEC,Ptn,Sdc1,,1.0,
END,PEC,Rarres2,Ccrl2,,0.07381900580397102,
END,PEC,Sele,Cd44,,0.5302432208202504,
END,PEC,Serpine1,Lrp2,,0.8614507724310708,
END,PEC,Serping1,Lrp1,,0.5083983331793228,
END,PEC,Spp1,Cd44,,0.9562029387645914,
END,PEC,Spp1,Ptger4,,0.8513089479624973,
END,PEC,Spp1,S1pr1,,0.6781612868967177,
END,PEC,Thbs2,Itga6,,0.9009149884552581,
END,PEC,Thbs2,Notch3,,1.0,
END,PEC,Thbs2,Sdc1,,0.6447897678299508,
END,PEC,Vegfa,Cd44,,0.8698084604016711,
END,PEC,Vegfa,Sirpa,,0.9837144517582814,
IMM,PEC,Ada,Dpp4,,1.0,
IMM,PEC,Adm,Ackr3,,1.0,
IMM,PEC,Adm,Calcrl,,0.6629278629523425,
IMM,PEC,Adm,Pth1r,,0.7058744978561711,
IMM,PEC,Adm,Ramp3,,1.0,
IMM,PEC,Angptl4,Cdh11,,0.8503379318439324,
IMM,PEC,Angptl4,Sdc1,,1.0,
IMM,PEC,Angptl4,Sdc2,,0.6829072995338465,
IMM,PEC,Angptl4,Sdc4,,0.5707501355611722,
IMM,PEC,Apoc2,Lrp2,,0.1632902481434242,
IMM,PEC,Apoe,Lrp2,,0.2915927627669867,
IMM,PEC,Bst1,Cav1,,0.5672399709982086,
IMM,PEC,C1qa,Cd93,,0.35698697776564514,
IMM,PEC,C1qb,Lrp1,,0.2036231745964375,
IMM,PEC,Ccl5,Sdc1,,0.5533434044003788,
IMM,PEC,Col4a3,Cd44,,1.0,
IMM,PEC,Col4a3,Cd93,,0.11752368447376199,
IMM,PEC,Col4a3,Sdc1,,0.7535568561329866,
IMM,PEC,Csf1,Csf2ra,,0.8143777948222114,
IMM,PEC,Csf1,Sirpa,,0.5476501308576747,
IMM,PEC,Dlk1,Notch2,,1.0,
IMM,PEC,Dlk1,Notch3,,0.09260327366191579,
IMM,PEC,Edn1,Ednrb,,0.47442240283956616,
IMM,PEC,Efna1,Epha4,,0.595673677657163,
IMM,PEC,Fn1,Cd44,,0.5954964036395998,
IMM,PEC,Fn1,Itga6,,0.45567599106111134,
IMM,PEC,Fn1,Nt5e,,0.4765715223786662,
IMM,PEC,Fn1,Robo4,,0.6892697566588434,
IMM,PEC,Fn1,Sdc1,,0.8458107883958944,
IMM,PEC,Gpc3,Flt1,,0.01698109206593185,
IMM,PEC,Gpc3,Lrp1,,0.05495399926948494,
IMM,PEC,Gpc3,Lrp2,,0.6394428748960133,
IMM,PEC,Hbegf,Cd44,,0.7466350854354238,
IMM,PEC,Hspg2,Lrp1,,0.5754333164860765,
IMM,PEC,Hspg2,Lrp2,,1.0,
IMM,PEC,Hspg2,Sdc1,,1.0,
IMM,PEC,Kitl,Epor,,1.0,
IMM,PEC,Lcn2,Lrp2,,0.7508502091460025,
IMM,PEC,Mfng,Notch2,,0.6387044867883735,
IMM,PEC,Mmp12,Plaur,,0.22617532842391389,
IMM,PEC,Mmp13,Lrp1,,0.3988829610294234,
IMM,PEC,Pam,Dpp4,0.3931816941604659,,
IMM,PEC,Pf4,Lrp1,,0.40388989599274977,
IMM,PEC,Pf4,Sdc2,,0.3261461636280275,
IMM,PEC,Pf4,Thbd,,0.8296143827751651,
IMM,PEC,Plau,Itgb5,,0.5849354218555717,
IMM,PEC,Plau,Lrp1,,1.0,
IMM,PEC,Plau,Lrp2,,0.5971763172547374,
IMM,PEC,Plau,Plaur,,0.9435319456415304,
IMM,PEC,Plau,St14,,0.08277916749614903,
IMM,PEC,Ptn,Sdc1,,1.0,
IMM,PEC,Rarres2,Ccrl2,,0.10715755685681495,
IMM,PEC,S100a8,Cd68,,0.6303685195213409,
IMM,PEC,Serpine1,Itgb5,,0.8716730618594912,
IMM,PEC,Serpine1,Lrp1,,1.0,
IMM,PEC,Serpine1,Lrp2,,0.8623768787416346,
IMM,PEC,Serpine1,Plaur,,0.4666604657297656,
IMM,PEC,Serping1,Lrp1,,0.2640614865278589,
IMM,PEC,Spint1,St14,,0.07901729571550312,
IMM,PEC,Spp1,Cd44,,0.4920866907539456,
IMM,PEC,Spp1,Ptger4,,0.616460541772581,
IMM,PEC,Spp1,S1pr1,,0.39391771651095636,
IMM,PEC,Thbs1,Itga6,,0.44367452652683714,
IMM,PEC,Thbs1,Sdc1,,0.6821148313039733,
IMM,PEC,Trf,Lrp2,,0.07209338063606935,
IMM,PEC,Trf,Tfrc,,0.22677087473442797,
IMM,PEC,Vcan,Cd44,,0.6708155730791407,
IMM,PEC,Vcan,Tlr2,,0.5721582815955778,
IMM,PEC,Vegfa,Cd44,,1.0,
IMM,PEC,Vegfa,Sirpa,,0.35503211517231836,
MES,PEC,Ada,Dpp4,,0.8571424569879166,
MES,PEC,Angptl4,Cdh11,,0.6068216065567597,
MES,PEC,Angptl4,Sdc1,,0.35361381286177557,
MES,PEC,Apoe,Lrp2,,0.3528984511628042,
MES,PEC,C1qb,Lrp1,,0.5308787800611461,
MES,PEC,C1qtnf5,Mfrp,,0.47532500055376464,
MES,PEC,Calca,Calcrl,,0.17920081139641883,
MES,PEC,Calca,Pth1r,,0.1914296903454742,
MES,PEC,Calca,Ramp3,,0.4763180098078404,
MES,PEC,Col1a2,Cd44,,1.0,
MES,PEC,Col1a2,Cd93,,1.0,
MES,PEC,Col1a2,Sdc1,,0.46974278049982604,
MES,PEC,Col4a3,Cd44,,1.0,
MES,PEC,Col4a3,Cd93,,0.24401315762891793,
MES,PEC,Col4a3,Sdc1,,1.0,
MES,PEC,Col4a4,Cd44,,1.0,
MES,PEC,Col4a4,Cd93,,0.1361202449789941,
MES,PEC,Col4a4,Sdc1,,0.8486345527607153,
MES,PEC,Col6a3,Cd44,,0.6672056829964661,
MES,PEC,Col6a3,Sdc1,,0.7903758016967274,
MES,PEC,Cp,Slc40a1,,0.8448968132083052,
MES,PEC,Csf1,Csf2ra,,1.0,
MES,PEC,Csf1,Sirpa,,1.0,
MES,PEC,Cxcl12,Ackr3,,0.8366856972509535,
MES,PEC,Cxcl12,Dpp4,,0.4857818180995579,
MES,PEC,Cxcl12,Sdc4,,0.4974541835405543,
MES,PEC,Dcn,Met,,0.08088813254856264,
MES,PEC,Dcn,Tlr2,,1.0,
MES,PEC,Dlk1,Notch2,,1.0,
MES,PEC,Dlk1,Notch3,,0.0988467851960732,
MES,PEC,Dll1,Notch2,,0.995605263807649,
MES,PEC,Dll1,Notch3,,0.2117325203857789,
MES,PEC,Dll4,Notch3,,0.29792008880083276,
MES,PEC,Edn1,Ednrb,,1.0,
MES,PEC,Efna1,Epha4,,0.19753084559236372,
MES,PEC,Egf,Axl,,1.0,
MES,PEC,Egf,Cav1,,1.0,
MES,PEC,Egf,Lrp2,,1.0,
MES,PEC,Fgfr3,Epha4,,0.411333628724622,
MES,PEC,Gpc3,Lrp2,,0.5868340235447281,
MES,PEC,Hbegf,Cd44,,0.6169665817553234,
MES,PEC,Hspg2,Lrp2,,0.995605263807649,
MES,PEC,Hspg2,Sdc1,,1.0,
MES,PEC,Jag1,Notch3,,0.2780372912625525,
MES,PEC,Kitl,Epor,,0.7570623624225662,
MES,PEC,Ltbp1,Itgb5,,1.0,
MES,PEC,Pf4,Lrp1,,1.0,
MES,PEC,Pf4,Sdc2,,0.6501460634728027,
MES,PEC,Pf4,Thbd,,1.0,
MES,PEC,Plau,Lrp2,,0.5275685196493864,
MES,PEC,Ptn,Sdc1,,0.2536270269874346,
MES,PEC,Serpine1,Lrp2,,0.5842206999917119,
MES,PEC,Spp1,Cd44,,0.8085109911798042,
MES,PEC,Spp1,Ptger4,,0.9854460302198251,
MES,PEC,Spp1,S1pr1,,0.5714538306247335,
MES,PEC,Tgfb3,Itgb5,,0.6837005814578221,
MES,PEC,Tgfb3,Itgb6,,0.2080471109502084,
MES,PEC,Tgm2,Sdc4,,0.3798053072027692,
MES,PEC,Thbs1,Itga6,,1.0,
MES,PEC,Thbs1,Sdc1,,1.0,
MES,PEC,Thbs2,Itga6,,0.7623137810963516,
MES,PEC,Thbs2,Notch3,,0.16693648645261677,
MES,PEC,Thbs2,Sdc1,,1.0,
MES,PEC,Tnc,Sdc1,,0.5856509069215199,
MES,PEC,Trf,Lrp2,,0.9474716601243918,
MES,PEC,Trf,Tfrc,,0.490426907808617,
MES,PEC,Vegfa,Cd44,,1.0,
MES,PEC,Vegfa,Sirpa,,0.24803063507440537,
MES,PEC,Vegfc,Flt1,,0.8264087292855017,
PEC,END,Ada,Dpp4,,0.22992121405581675,
PEC,END,Agt,Agtr1a,,0.5457977582996597,
PEC,END,Agt,Enpep,,0.5756885077640495,
PEC,END,Angptl4,Sdc2,,1.0,
PEC,END,Angptl4,Sdc4,,0.5928365993513633,
PEC,END,Apoe,Sdc2,,1.0,
PEC,END,C1qa,Cd93,,1.0,
PEC,END,Calca,Calcrl,,0.6177077617337294,
PEC,END,Calca,Pth1r,,0.41326067775066433,
PEC,END,Calca,Ramp3,,0.48788811021449086,
PEC,END,Ccl5,Ccrl2,,0.6501460634728027,
PEC,END,Ccl5,Dpp4,,0.3196790396123139,
PEC,END,Ccl5,Sdc4,,1.0,
PEC,END,Col1a1,Cd36,,1.0,
PEC,END,Col1a1,Cd93,,0.5356195432900819,
PEC,END,Col1a2,Cd36,,1.0,
PEC,END,Col1a2,Cd93,,0.6214229424257894,
PEC,END,Col4a3,Cd93,,0.6206786053053852,
PEC,END,Col4a4,Cd93,,0.918438892723402,
PEC,END,Col4a5,Cd93,,0.9842596783250985,
PEC,END,Col6a1,Itga6,,0.6288977444715059,
PEC,END,Cxcl1,Dpp4,,1.0,
PEC,END,Cxcl10,Dpp4,,1.0,
PEC,END,Cxcl12,Dpp4,,1.0,
PEC,END,Dcn,Tlr2,,1.0,
PEC,END,Egf,Axl,,0.21982618915086827,
PEC,END,Egf,Cav1,,0.4502488407680681,
PEC,END,Fn1,Dpp4,,1.0,
PEC,END,Fn1,Itga6,,0.5423909369534724,
PEC,END,Fn1,Plaur,,0.5391425809177539,
PEC,END,Fn1,Robo4,,0.7442830617015712,
PEC,END,Fn1,Sdc2,,1.0,
PEC,END,Gas6,Axl,,1.0,
PEC,END,Ltbp1,Itgb5,,1.0,
PEC,END,Mdk,Sdc2,,1.0,
PEC,END,Mdk,Sdc4,,0.534945588460118,
PEC,END,Npy,Dpp4,,1.0,
PEC,END,Pam,Dpp4,,1.0,
PEC,END,Pdgfc,Flt1,,0.5209214852982127,
PEC,END,Pdgfc,Pdgfrb,,0.14847341748231457,
PEC,END,Ptn,Sdc2,,0.9160705118795534,
PEC,END,Rarres2,Cmklr1,,0.7877567627002495,
PEC,END,Serpine1,Itgb5,,1.0,
PEC,END,Serpine1,Plaur,,0.7611322933889667,
PEC,END,Slit3,Robo4,,0.8357923331099175,
PEC,END,Thbs2,Cd36,,1.0,
PEC,END,Thbs2,Itga6,,1.0,
PEC,END,Tnc,Sdc4,,0.6440270752294808,
PEC,END,Tnfsf10,Tnfrsf10b,,0.8866851817208762,
PEC,END,Vegfc,Flt1,,0.5554132458372695,
PEC,IMM,Ada,Dpp4,,0.3958828012761748,
PEC,IMM,Adm,Gpr84,,0.7382524334988915,
PEC,IMM,Agt,Agtr1a,,0.5000261930250529,
PEC,IMM,Agt,Enpep,,0.6726521907351302,
PEC,IMM,Angptl4,Sdc2,,1.0,
PEC,IMM,Angptl4,Sdc4,,0.8249537646530518,
PEC,IMM,Angptl7,Pirb,,0.5981034868115699,
PEC,IMM,Apoe,Sdc2,,1.0,
PEC,IMM,Apoe,Trem2,,0.2291596439929668,
PEC,IMM,Bst1,Cav1,,0.14811241893271235,
PEC,IMM,C1qa,Cd93,,1.0,
PEC,IMM,C1qb,Lrp1,,1.0,
PEC,IMM,C3,C3ar1,,0.015819896699005263,
PEC,IMM,C3,Itgam,,0.030883679356076346,
PEC,IMM,C3,Itgax,,0.022033732177542436,
PEC,IMM,C3,Lrp1,,0.7762029324201956,
PEC,IMM,Calca,Adrb2,,1.0,
PEC,IMM,Calca,Calcrl,,0.4649301283868419,
PEC,IMM,Calca,Gpr84,,0.8124273851966313,
PEC,IMM,Calca,Pth1r,,0.177159217468997,
PEC,IMM,Calca,Ramp1,,0.510402555609068,
PEC,IMM,Calca,Ramp3,,1.0,
PEC,IMM,Ccl2,Ccr1,,0.11003831807131181,
PEC,IMM,Ccl2,Ccr2,,0.03765961826704801,
PEC,IMM,Ccl2,Ccr5,,0.051879325919984814,
PEC,IMM,Ccl4,Ccr1,,0.534953553778927,
PEC,IMM,Ccl4,Ccr5,,0.34082609961927834,
PEC,IMM,Ccl5,Ccr1,,0.8044422459370106,
PEC,IMM,Ccl5,Ccr5,,0.612072956110754,
PEC,IMM,Ccl5,Ccrl2,,0.3814161513379509,
PEC,IMM,Ccl5,Dpp4,,0.5550796213037537,
PEC,IMM,Ccl5,Sdc4,,0.9534015210434994,
PEC,IMM,Cd59b,Stab1,,0.9356855574105551,
PEC,IMM,Col1a1,Cd36,,0.5499050496013755,
PEC,IMM,Col1a1,Cd44,,0.11662200943738119,
PEC,IMM,Col1a1,Cd93,,0.5637442279046843,
PEC,IMM,Col1a2,Cd36,,0.4502488407680681,
PEC,IMM,Col1a2,Cd44,,0.16588326264667969,
PEC,IMM,Col1a2,Cd93,,0.6539900675334159,
PEC,IMM,Col6a1,Cd44,,0.02694769492888385,
PEC,IMM,Col6a2,Cd44,,0.03282453457185293,
PEC,IMM,Col6a3,Cd44,,0.6951875828321379,
PEC,IMM,Dcn,Tlr2,,0.07827462975353194,
PEC,IMM,Dlk1,Notch2,,1.0,
PEC,IMM,Dll1,Notch2,,0.8651587113429097,
PEC,IMM,Edn1,Ednrb,,1.0,
PEC,IMM,Edn3,Ednrb,,0.5150088853451744,
PEC,IMM,Egf,Adrb2,,1.0,
PEC,IMM,Egf,Axl,,1.0,
PEC,IMM,Egf,Cav1,,0.8160992108763372,
PEC,IMM,F8,Lrp1,1.0,,
PEC,IMM,Fn1,C5ar1,,0.02162894404950826,
PEC,IMM,Fn1,Cd44,,0.036875170697953104,
PEC,IMM,Fn1,Dpp4,,0.9803924332243836,
PEC,IMM,Fn1,Itga4_Itgb7,,0.5176189253847425,
PEC,IMM,Fn1,Plaur,,0.5628124874829035,
PEC,IMM,Fn1,Robo4,,1.0,
PEC,IMM,Fn1,Sdc2,,1.0,
PEC,IMM,Gsto1,Ryr1,,1.0,
PEC,IMM,Icam1,Cav1,,0.6852887873633355,
PEC,IMM,Icam1,Itgax_Itgb2,,0.06752617880345227,
PEC,IMM,Il1b,Adrb2,,1.0,
PEC,IMM,Lamb3,Cd44,,0.002943286442263892,
PEC,IMM,Lcn2,Fcgr3,,0.010324097509931497,
PEC,IMM,Lgals1,Cd69,,0.290931113705607,
PEC,IMM,Ltbp1,Itgb5,,0.9683345582081453,
PEC,IMM,Lyz2,Itgal,,0.4771956784404203,
PEC,IMM,Mdk,Lrp1,,0.5269013368522881,
PEC,IMM,Mdk,Notch2,,0.634165785498229,
PEC,IMM,Mdk,Sdc2,,1.0,
PEC,IMM,Mdk,Sdc4,,0.8904651306989306,
PEC,IMM,Mdk,Sorl1,,0.8596037063447517,
PEC,IMM,Mfng,Notch2,,1.0,
PEC,IMM,Mmp2,Ccr2,,0.4401390000268972,
PEC,IMM,Myl9,Cd69,,0.7970649700770448,
PEC,IMM,Npy,Adrb2,,0.6000810131380867,
PEC,IMM,Npy,Dpp4,,1.0,
PEC,IMM,Pdgfc,Flt1,,0.604836507102873,
PEC,IMM,Pdgfc,Pdgfrb,,0.23193728524450355,
PEC,IMM,Ptn,Sdc2,,0.9574938014862808,
PEC,IMM,Ptpn6,Cd300lf,,0.717570299188728,
PEC,IMM,Ptpn6,Clec12a,,0.12612859848181432,
PEC,IMM,Rarres2,Cmklr1,,1.0,
PEC,IMM,S100a4,Ccr5,,0.15917889094405294,
PEC,IMM,Sema4d,Cd72,,0.005656346877611644,
PEC,IMM,Serpine1,Itgb5,,0.636432438843381,
PEC,IMM,Serpine1,Lrp1,,0.7491622186356423,
PEC,IMM,Serpine1,Plaur,,0.8104232190121998,
PEC,IMM,Slit3,Robo4,,1.0,
PEC,IMM,Thbs2,Cd36,,0.6671728144627188,
PEC,IMM,Thbs2,Itga4,,1.0,
PEC,IMM,Tnc,Sdc4,,0.9522104577384429,
PEC,IMM,Trf,Adrb2,,1.0,
PEC,IMM,Vcam1,Itga4_Itgb7,,0.6214229424257894,
PEC,IMM,Vegfc,Flt1,,0.6430661433204763,
PEC,MES,Ada,Dpp4,,0.22184715608880456,
PEC,MES,Adm,Ramp3,,1.0,
PEC,MES,Agt,Agtr1a,,0.023688998116760222,
PEC,MES,Agt,Enpep,,0.5942808277009429,
PEC,MES,Angptl4,Sdc1,,0.9342942618326482,
PEC,MES,Angptl4,Sdc2,,0.7216754132350661,
PEC,MES,Angptl4,Sdc4,,0.87074031081174,
PEC,MES,Bst1,Cav1,,0.3812181765922692,
PEC,MES,C1qb,Lrp1,,0.466045687303825,
PEC,MES,C1qtnf5,Mfrp,,0.47470263404110874,
PEC,MES,C3,Lrp1,,0.2249862744289866,
PEC,MES,Calca,Calcrl,,0.9804492089420016,
PEC,MES,Calca,Pth1r,,1.0,
PEC,MES,Calca,Ramp3,,0.6611268806628611,
PEC,MES,Ccl5,Ccrl2,,0.14024191959895982,
PEC,MES,Ccl5,Dpp4,,0.311780250970203,
PEC,MES,Ccl5,Sdc1,,0.6988874492823194,
PEC,MES,Ccl5,Sdc4,,0.8980569860215989,
PEC,MES,Col1a1,Sdc1,,0.7670122131360223,
PEC,MES,Col1a2,Sdc1,,0.6251529898779324,
PEC,MES,Col6a1,Sdc1,,0.763951370850563,
PEC,MES,Col6a2,Sdc1,,0.8315403036253198,
PEC,MES,Col6a3,Sdc1,,0.8000286773775993,
PEC,MES,Dlk1,Notch2,,0.158740541494357,
PEC,MES,Dlk1,Notch3,,1.0,
PEC,MES,Dll1,Notch2,,1.0,
PEC,MES,Dll1,Notch3,,0.5574882424942404,
PEC,MES,Edn1,Ednrb,,1.0,
PEC,MES,Edn3,Ednrb,,0.6627021122231566,
PEC,MES,Efna5,Epha3,,0.18617272642314403,
PEC,MES,Egf,Axl,,0.3824926191183092,
PEC,MES,Egf,Cav1,,0.353076258052034,
PEC,MES,F8,Lrp1,0.5603228288795078,,
PEC,MES,Fn1,Dpp4,,1.0,
PEC,MES,Fn1,Nt5e,,0.23396900924279165,
PEC,MES,Fn1,Plaur,,1.0,
PEC,MES,Fn1,Sdc1,,0.8440890993892094,
PEC,MES,Fn1,Sdc2,,0.8303612594149303,
PEC,MES,Icam1,Cav1,,0.9844340269241723,
PEC,MES,Ltbp1,Itgb5,,1.0,
PEC,MES,Mdk,Lrp1,,0.48884323013992725,
PEC,MES,Mdk,Notch2,,1.0,
PEC,MES,Mdk,Sdc1,,0.8761704414983708,
PEC,MES,Mdk,Sdc2,,0.7825360547205489,
PEC,MES,Mdk,Sdc4,,0.951422076741373,
PEC,MES,Mfng,Notch2,,0.17511663869053737,
PEC,MES,Npy,Dpp4,,1.0,
PEC,MES,Npy,Npy1r,,0.5728631333765091,
PEC,MES,Pdgfc,Flt1,,0.5102768989385276,
PEC,MES,Pdgfc,Pdgfra,,0.48725482272269427,
PEC,MES,Pdgfc,Pdgfrb,,0.7782030532109201,
PEC,MES,Plau,Plaur,,0.7233218742348758,
PEC,MES,Rarres2,Ccrl2,,0.2700569579386104,
PEC,MES,Serpine1,Itgb5,,0.8204654183558764,
PEC,MES,Serpine1,Lrp1,,0.6690097893252177,
PEC,MES,Serpine1,Plaur,,0.7412588230018394,
PEC,MES,Thbs2,Itga4,,0.5630468775892353,
PEC,MES,Thbs2,Notch3,,0.38034184053983444,
PEC,MES,Thbs2,Sdc1,,0.48409628625949463,
PEC,MES,Tnc,Itga7,,0.7332528356586033,
PEC,MES,Tnc,Sdc1,,0.691692557939307,
PEC,MES,Tnc,Sdc4,,0.8898760261526815,
PEC,MES,Vegfc,Flt1,,0.5532236574543175,
PEC,PEC,Ada,Dpp4,,0.7200722589663016,
PEC,PEC,Agt,Agtr1a,,0.47345937461858706,
PEC,PEC,Agt,Enpep,,0.43415339843169737,
PEC,PEC,Agt,Lrp2,,0.36441257703080787,
PEC,PEC,Angptl4,Cdh11,,0.9693354995404391,
PEC,PEC,Angptl4,Sdc1,,0.7407606266260414,
PEC,PEC,Angptl4,Sdc2,,0.9392627526164232,
PEC,PEC,Angptl4,Sdc4,,0.2681653774182932,
PEC,PEC,Apoe,Lrp2,,0.5006704963428467,
PEC,PEC,C1qa,Cd93,,0.14435964584223965,
PEC,PEC,C1qb,Lrp1,,0.6790951175280229,
PEC,PEC,C1qtnf5,Mfrp,,1.0,
PEC,PEC,C3,Lrp1,,0.4790711001326628,
PEC,PEC,Calca,Calcrl,,0.3018849622469656,
PEC,PEC,Calca,Pth1r,,0.3275623404209901,
PEC,PEC,Calca,Ramp3,,0.7253812795837119,
PEC,PEC,Ccl5,Ccrl2,,0.29395130170811795,
PEC,PEC,Ccl5,Dpp4,,0.9060462710142769,
PEC,PEC,Ccl5,Sdc1,,1.0,
PEC,PEC,Ccl5,Sdc4,,0.5561042801374622,
PEC,PEC,Cntf,Crlf1,,0.7721637222200239,
PEC,PEC,Col1a1,Cd44,,0.5269013368522881,
PEC,PEC,Col1a1,Cd93,,1.0,
PEC,PEC,Col1a1,Sdc1,,1.0,
PEC,PEC,Col1a2,Cd44,,0.6132692016905367,
PEC,PEC,Col1a2,Cd93,,0.9077192052382284,
PEC,PEC,Col1a2,Itga2b,,0.7483192791904982,
PEC,PEC,Col1a2,Sdc1,,1.0,
PEC,PEC,Col4a3,Cd44,,0.6303999373055007,
PEC,PEC,Col4a3,Cd93,,1.0,
PEC,PEC,Col4a3,Sdc1,,0.7903758016967274,
PEC,PEC,Col4a4,Cd44,,0.9105366209828605,
PEC,PEC,Col4a4,Cd93,,0.993567806609309,
PEC,PEC,Col4a4,Sdc1,,0.5935585117610068,
PEC,PEC,Col4a5,Cd44,,0.9752208467966544,
PEC,PEC,Col4a5,Cd93,,1.0,
PEC,PEC,Col4a5,Sdc1,,0.5444333918863368,
PEC,PEC,Col6a1,Cd44,,0.8772826146056415,
PEC,PEC,Col6a1,Itga6,,0.7627367607864388,
PEC,PEC,Col6a1,Sdc1,,0.538998151099604,
PEC,PEC,Col6a2,Cd44,,0.8079848547427609,
PEC,PEC,Col6a2,Sdc1,,0.6117943585619308,
PEC,PEC,Col6a3,Cd44,,1.0,
PEC,PEC,Col6a3,Sdc1,,1.0,
PEC,PEC,Cp,Slc40a1,,0.6094453238449011,
PEC,PEC,Csf1,Csf2ra,,1.0,
PEC,PEC,Csf1,Sirpa,,1.0,
PEC,PEC,Dcn,Met,,0.04535786983097717,
PEC,PEC,Dcn,Tlr2,,1.0,
PEC,PEC,Dlk1,Notch2,,1.0,
PEC,PEC,Dlk1,Notch3,,0.025447554213433227,
PEC,PEC,Dll1,Notch2,,0.7773384640124892,
PEC,PEC,Dll1,Notch3,,0.4074766903701239,
PEC,PEC,Dll4,Notch3,,0.03178687861097953,
PEC,PEC,Edn1,Ednrb,,1.0,
PEC,PEC,Edn3,Ednrb,,0.7247698457216762,
PEC,PEC,Efna1,Epha4,,0.5396755046977371,
PEC,PEC,Efna5,Epha4,,0.5110557400323339,
PEC,PEC,Egf,Axl,,1.0,
PEC,PEC,Egf,Cav1,,1.0,
PEC,PEC,Egf,Lrp2,,1.0,
PEC,PEC,F8,Lrp1,1.0,,
PEC,PEC,Fgfr3,Epha4,,0.5513667545884825,
PEC,PEC,Fn1,Cd44,,0.7912502500284575,
PEC,PEC,Fn1,Dpp4,,0.7738860762158513,
PEC,PEC,Fn1,Itga6,,0.8744748395701492,
PEC,PEC,Fn1,Nt5e,,0.8559089848095656,
PEC,PEC,Fn1,Plaur,,1.0,
PEC,PEC,Fn1,Robo4,,1.0,
PEC,PEC,Fn1,Sdc1,,0.6259007105107686,
PEC,PEC,Fn1,Sdc2,,0.8508673085170999,
PEC,PEC,Gc,Lrp2,,0.8742171233601697,
PEC,PEC,Gpc3,Lrp2,,0.7782030532109201,
PEC,PEC,Hbegf,Cd44,,0.27653155424593034,
PEC,PEC,Hspg2,Lrp2,,0.6463171517859195,
PEC,PEC,Hspg2,Sdc1,,0.6687353305097139,
PEC,PEC,Jag1,Notch3,,0.967334053917858,
PEC,PEC,Kitl,Epor,,1.0,
PEC,PEC,Lamb3,Cd44,,0.5291084823288925,
PEC,PEC,Lamc2,Cd44,,0.22677087473442797,
PEC,PEC,Lcn2,Lrp2,,0.8267534947424067,
PEC,PEC,Ltbp1,Itgb5,,0.9793838933443345,
PEC,PEC,Mdk,Lrp1,,1.0,
PEC,PEC,Mdk,Lrp2,,0.6394631636243484,
PEC,PEC,Mdk,Notch2,,0.7077817687160536,
PEC,PEC,Mdk,Sdc1,,0.6742230486020427,
PEC,PEC,Mdk,Sdc2,,0.879102627100216,
PEC,PEC,Mdk,Sdc4,,0.2548777610668641,
PEC,PEC,Mdk,Sorl1,,0.5274426010948591,
PEC,PEC,Mdk,Tspan1,,0.6081176923653981,
PEC,PEC,Mfng,Notch2,,1.0,
PEC,PEC,Npy,Dpp4,,0.9663344911000995,
PEC,PEC,Pdgfc,Flt1,,0.3628458781132063,
PEC,PEC,Pdgfc,Pdgfrb,,0.4382253216388925,
PEC,PEC,Plau,Lrp2,,0.3826935348129206,
PEC,PEC,Ptn,Sdc1,,1.0,
PEC,PEC,Sema4d,Met,,0.0034988441658980246,
PEC,PEC,Serpine1,Itgb5,,0.6493789586597247,
PEC,PEC,Serpine1,Lrp1,,1.0,
PEC,PEC,Serpine1,Lrp2,,0.6379466013830676,
PEC,PEC,Serpine1,Plaur,,0.6117943585619308,
PEC,PEC,Slit3,Robo4,,1.0,
PEC,PEC,Spp1,Cd44,,0.019852240849807256,
PEC,PEC,Thbs1,Itga6,,0.7713036128162347,
PEC,PEC,Thbs1,Sdc1,,0.4856075174398923,
PEC,PEC,Thbs2,Itga6,,0.990234375,
PEC,PEC,Thbs2,Notch3,,0.2580572276225005,
PEC,PEC,Thbs2,Sdc1,,1.0,
PEC,PEC,Tnc,Sdc1,,0.4550707477211007,
PEC,PEC,Tnc,Sdc4,,0.19725912340673035,
PEC,PEC,Trf,Lrp2,,1.0,
PEC,PEC,Trf,Tfrc,,1.0,
PEC,PEC,Vegfa,Cd44,,0.9396034149684271,
PEC,PEC,Vegfa,Sirpa,,0.919404802212544,
PEC,PEC,Vegfc,Flt1,,0.38425439798616223,
PEC,POD,Ada,Dpp4,,0.7424357665624077,
PEC,POD,Adm,Adrb2,,1.0,
PEC,POD,Adm,Calcrl,,0.6934032099895174,
PEC,POD,Adm,Ramp3,,1.0,
PEC,POD,Agt,Agtr1a,,0.3906305510799563,
PEC,POD,Agt,Enpep,,0.008702792780066405,
PEC,POD,Angptl4,Cdh11,,0.5229097143837462,
PEC,POD,Angptl4,Sdc2,,0.09576228548033644,
PEC,POD,Angptl4,Sdc4,,0.08013737071679933,
PEC,POD,Apoe,Lrp1,,0.6503015535137657,
PEC,POD,Bst1,Cav1,,0.28631673226878707,
PEC,POD,C1qb,Lrp1,,0.1133802070312665,
PEC,POD,C3,Lrp1,,1.0,
PEC,POD,Calca,Adrb2,,0.8993456165500022,
PEC,POD,Calca,Calcrl,,0.11130698828241681,
PEC,POD,Calca,Pth1r,,0.6757965488069173,
PEC,POD,Calca,Ramp3,,0.36089387441225046,
PEC,POD,Ccl5,Ccrl2,,0.26606094081058923,
PEC,POD,Ccl5,Dpp4,,0.7799841003353176,
PEC,POD,Ccl5,Sdc4,,0.7885112451494507,
PEC,POD,Dlk1,Notch2,,0.9722706831760094,
PEC,POD,Dll1,Notch2,,0.9239978492874772,
PEC,POD,Edn1,Ednrb,,0.6898317018766662,
PEC,POD,Edn3,Ednrb,,0.4678917994924332,
PEC,POD,Egf,Adrb2,,0.7797592457363033,
PEC,POD,Egf,Axl,,0.48535793024335,
PEC,POD,Egf,Cav1,,0.48767173611036874,
PEC,POD,Fn1,Dpp4,,0.05560986430403283,
PEC,POD,Fn1,Nt5e,,1.0,
PEC,POD,Fn1,Plaur,,1.0,
PEC,POD,Fn1,Sdc2,,0.07790451340912692,
PEC,POD,Gpc3,Lrp1,,0.28202162698491695,
PEC,POD,Hspg2,Lrp1,,0.8315512450811897,
PEC,POD,Icam1,Cav1,,0.8503910155003898,
PEC,POD,Il1b,Adrb2,,0.7377368739508864,
PEC,POD,Ltbp1,Itgb5,,0.5954964036395998,
PEC,POD,Mdk,Lrp1,,0.8281237675202543,
PEC,POD,Mdk,Notch2,,0.5921154543769958,
PEC,POD,Mdk,Sdc2,,0.08507498734955045,
PEC,POD,Mdk,Sdc4,,0.06614891523799256,
PEC,POD,Mfng,Notch2,,0.9951150315640888,
PEC,POD,Npy,Adrb2,,0.9095253644216917,
PEC,POD,Npy,Dpp4,,0.08778994716929744,
PEC,POD,Pdgfc,Flt1,,0.2359664925425481,
PEC,POD,Pdgfc,Pdgfrb,,0.4801063777220018,
PEC,POD,Plau,Lrp1,,0.8654411628227692,
PEC,POD,Plau,Plaur,,0.7407606266260414,
PEC,POD,Rarres2,Ccrl2,,0.4838909525228834,
PEC,POD,Serpine1,Itgb5,,0.23276272288696165,
PEC,POD,Serpine1,Lrp1,,0.43439513432392257,
PEC,POD,Serpine1,Plaur,,0.7236125228165262,
PEC,POD,Serpine2,Lrp1,,0.6340010127561229,
PEC,POD,Serping1,Lrp1,,0.3647969190492448,
PEC,POD,Spp1,S1pr1,,0.45160106009119383,
PEC,POD,Thbs1,Lrp1,,0.7164557424284251,
PEC,POD,Tnc,Sdc4,,0.04280950549030527,
PEC,POD,Trf,Adrb2,,0.9010221182763122,
PEC,POD,Trf,Tfrc,,1.0,
PEC,POD,Vegfc,Flt1,,0.2460223847399326,
PEC,SMC,Ada,Dpp4,,0.6940675980636489,
PEC,SMC,Adm,Gpr20,0.4209681350650514,,
PEC,SMC,Adm,Ramp3,,1.0,
PEC,SMC,Agt,Agtr1a,,0.3886171583106417,
PEC,SMC,Agt,Enpep,,0.24741216166848573,
PEC,SMC,Angptl4,Cdh11,,0.8159933815593935,
PEC,SMC,Angptl4,Sdc1,,0.7094070376504059,
PEC,SMC,Angptl4,Sdc2,,0.33800995163650815,
PEC,SMC,Angptl4,Sdc4,,0.28631673226878707,
PEC,SMC,C1qa,Cd93,,0.5698935560071443,
PEC,SMC,C1qb,Lrp1,,1.0,
PEC,SMC,C1qtnf5,Mfrp,,0.4231825333643682,
PEC,SMC,C3,Lrp1,,0.88008063400777,
PEC,SMC,Calca,Calcrl,,1.0,
PEC,SMC,Calca,Pth1r,,0.9854460302198251,
PEC,SMC,Calca,Ramp1,,0.951422076741373,
PEC,SMC,Calca,Ramp3,,1.0,
PEC,SMC,Ccl5,Ccrl2,,0.8229758364069418,
PEC,SMC,Ccl5,Dpp4,,0.5567958873809824,
PEC,SMC,Ccl5,Sdc1,,1.0,
PEC,SMC,Ccl5,Sdc4,,0.5329267774773615,
PEC,SMC,Cdh1,Ptprf,0.6162287962075301,,
PEC,SMC,Col1a1,Cd93,,1.0,
PEC,SMC,Col1a1,Sdc1,,1.0,
PEC,SMC,Col1a2,Cd93,,1.0,
PEC,SMC,Col1a2,Sdc1,,1.0,
PEC,SMC,Col6a1,Sdc1,,0.5242380629515172,
PEC,SMC,Col6a2,Sdc1,,0.5863667945266127,
PEC,SMC,Col6a3,Sdc1,,1.0,
PEC,SMC,Csf1,Csf2ra,,1.0,
PEC,SMC,Cxcl12,Avpr1a,,1.0,
PEC,SMC,Dlk1,Notch2,,1.0,
PEC,SMC,Dlk1,Notch3,,1.0,
PEC,SMC,Dll1,Notch2,,0.8782197946288994,
PEC,SMC,Dll1,Notch3,,0.4910631007697061,
PEC,SMC,Egf,Axl,,0.39943730973452307,
PEC,SMC,Egf,Cav1,,1.0,
PEC,SMC,F8,Lrp1,1.0,,
PEC,SMC,Fn1,Dpp4,,0.6483572991762317,
PEC,SMC,Fn1,Nt5e,,0.5921154543769958,
PEC,SMC,Fn1,Plaur,,0.9563757071746103,
PEC,SMC,Fn1,Robo4,,1.0,
PEC,SMC,Fn1,Sdc1,,0.6059188162275662,
PEC,SMC,Fn1,Sdc2,,0.305629711841915,
PEC,SMC,Ltbp1,Itgb5,,0.4765715223786662,
PEC,SMC,Mdk,Lrp1,,0.5735685637993402,
PEC,SMC,Mdk,Notch2,,0.6229130252514046,
PEC,SMC,Mdk,Sdc1,,0.6524506141239432,
PEC,SMC,Mdk,Sdc2,,0.3185608145732526,
PEC,SMC,Mdk,Sdc4,,0.2707282183161869,
PEC,SMC,Mfng,Notch2,,1.0,
PEC,SMC,Npy,Dpp4,,0.7359009760951754,
PEC,SMC,Npy,Npy1r,,0.6432649843026188,
PEC,SMC,Pdgfc,Flt1,,0.664727920474537,
PEC,SMC,Pdgfc,Pdgfra,,1.0,
PEC,SMC,Pdgfc,Pdgfrb,,1.0,
PEC,SMC,Plau,Plaur,,0.5735685637993402,
PEC,SMC,Serpine1,Itgb5,,0.715932787515003,
PEC,SMC,Serpine1,Lrp1,,0.9337309657051962,
PEC,SMC,Serpine1,Plaur,,1.0,
PEC,SMC,Slit3,Robo4,,1.0,
PEC,SMC,Spp1,Ptger4,,0.06649199394643435,
PEC,SMC,Spp1,S1pr1,,0.1927912026949196,
PEC,SMC,Thbs2,Itga4,,1.0,
PEC,SMC,Thbs2,Notch3,,0.6147462267164714,
PEC,SMC,Thbs2,Sdc1,,1.0,
PEC,SMC,Tnc,Itga7,,0.7386917765250116,
PEC,SMC,Tnc,Sdc1,,0.4796972782108274,
PEC,SMC,Tnc,Sdc4,,0.2109271058530844,
PEC,SMC,Trf,Tfrc,,1.0,
PEC,SMC,Vegfc,Flt1,,0.696971035182202,
PEC,TEC,Ada,Dpp4,,0.7306819964341416,
PEC,TEC,Agt,Agtr1a,,0.4283903798880699,
PEC,TEC,Agt,Enpep,,0.7390877974881273,
PEC,TEC,Angptl4,Sdc1,,1.0,
PEC,TEC,Angptl4,Sdc2,,0.6132692016905367,
PEC,TEC,Angptl4,Sdc4,,0.44427146166818254,
PEC,TEC,Apoe,Lrp1,,0.8909497161291943,
PEC,TEC,C1qa,Cd93,,0.6139760273782418,
PEC,TEC,C1qb,Lrp1,,0.18531967038118569,
PEC,TEC,C3,Lrp1,,1.0,
PEC,TEC,Calca,Calcrl,,0.7658101691424827,
PEC,TEC,Calca,Pth1r,,1.0,
PEC,TEC,Calca,Ramp3,,1.0,
PEC,TEC,Ccl5,Ccrl2,,0.38231297162245803,
PEC,TEC,Ccl5,Dpp4,,0.9110624000779883,
PEC,TEC,Ccl5,Sdc1,,0.4971070912752228,
PEC,TEC,Ccl5,Sdc4,,0.3765972379456989,
PEC,TEC,Col1a1,Cd36,,1.0,
PEC,TEC,Col1a1,Cd93,,1.0,
PEC,TEC,Col1a1,Sdc1,,1.0,
PEC,TEC,Col1a2,Cd36,,0.988605713894712,
PEC,TEC,Col1a2,Cd93,,1.0,
PEC,TEC,Col1a2,Itga2b,,0.4617568877616863,
PEC,TEC,Col1a2,Sdc1,,1.0,
PEC,TEC,Col4a3,Cd93,,0.9925499929236603,
PEC,TEC,Col4a3,Sdc1,,1.0,
PEC,TEC,Col4a4,Cd93,,0.38411104731051904,
PEC,TEC,Col4a4,Sdc1,,0.6710835770253204,
PEC,TEC,Col4a5,Cd93,,0.444269624817445,
PEC,TEC,Col4a5,Sdc1,,0.7224984348912793,
PEC,TEC,Col6a1,Itga6,,0.6884723729508655,
PEC,TEC,Col6a1,Sdc1,,0.9415664382500707,
PEC,TEC,Col6a2,Sdc1,,1.0,
PEC,TEC,Col6a3,Sdc1,,0.3997512633516534,
PEC,TEC,Csf1,Csf2ra,,1.0,
PEC,TEC,Csf1,Sirpa,,0.8588413416641191,
PEC,TEC,Dcn,Met,,0.2034746152369932,
PEC,TEC,Dlk1,Notch2,,0.4401390000268972,
PEC,TEC,Dll1,Notch2,,1.0,
PEC,TEC,Edn1,Ednrb,,1.0,
PEC,TEC,Edn3,Ednrb,,0.3268392898444494,
PEC,TEC,Efna1,Epha4,,0.4508498020502642,
PEC,TEC,Efna5,Epha4,,0.4185889994858611,
PEC,TEC,Egf,Axl,,0.5809645933742582,
PEC,TEC,Egf,Cav1,,1.0,
PEC,TEC,Fgfr3,Epha4,,0.6737143448881986,
PEC,TEC,Fn1,Dpp4,,0.7704441423641628,
PEC,TEC,Fn1,Itga6,,0.5957273997020465,
PEC,TEC,Fn1,Nt5e,,1.0,
PEC,TEC,Fn1,Plaur,,0.7559291761794694,
PEC,TEC,Fn1,Robo4,,1.0,
PEC,TEC,Fn1,Sdc1,,1.0,
PEC,TEC,Fn1,Sdc2,,0.7224984348912793,
PEC,TEC,Gpc3,Lrp1,,0.43247859472951505,
PEC,TEC,Hspg2,Lrp1,,1.0,
PEC,TEC,Hspg2,Sdc1,,1.0,
PEC,TEC,Kitl,Epor,,0.7762774770449121,
PEC,TEC,Ltbp1,Itgb5,,1.0,
PEC,TEC,Mdk,Lrp1,,1.0,
PEC,TEC,Mdk,Notch2,,0.7432744943424224,
PEC,TEC,Mdk,Sdc1,,1.0,
PEC,TEC,Mdk,Sdc2,,0.6805315350017258,
PEC,TEC,Mdk,Sdc4,,0.4172325447374099,
PEC,TEC,Mdk,Sorl1,,0.12246746634651608,
PEC,TEC,Mdk,Tspan1,,0.1048966205426971,
PEC,TEC,Mfng,Notch2,,0.4573192370692166,
PEC,TEC,Npy,Dpp4,,0.9563757071746103,
PEC,TEC,Pdgfc,Flt1,,0.7919170044098502,
PEC,TEC,Pdgfc,Pdgfrb,,0.30980313205456034,
PEC,TEC,Plau,Lrp1,,0.813318020633631,
PEC,TEC,Ptn,Sdc1,,1.0,
PEC,TEC,Rarres2,Ccrl2,,0.6755088587938669,
PEC,TEC,Sema4d,Met,,0.0738869232960875,
PEC,TEC,Serpine1,Itgb5,,0.8231564217912071,
PEC,TEC,Serpine1,Lrp1,,0.6557183828158422,
PEC,TEC,Serpine1,Plaur,,1.0,
PEC,TEC,Serpine2,Lrp1,,0.8724001049404411,
PEC,TEC,Serping1,Lrp1,,0.5828065005054597,
PEC,TEC,Slit3,Robo4,,1.0,
PEC,TEC,Thbs1,Lrp1,,0.7374174887018732,
PEC,TEC,Thbs1,Sdc1,,0.5771047613780299,
PEC,TEC,Thbs2,Cd36,,0.5346123338729278,
PEC,TEC,Thbs2,Itga6,,1.0,
PEC,TEC,Thbs2,Sdc1,,0.7588137471777536,
PEC,TEC,Tnc,Sdc1,,0.8376080160231133,
PEC,TEC,Tnc,Sdc4,,0.3345029584683095,
PEC,TEC,Trf,Tfrc,,0.7635907061655425,
PEC,TEC,Vegfa,Sirpa,,0.5290105904746619,
PEC,TEC,Vegfc,Flt1,,0.8298379574038215,
POD,PEC,Angptl4,Cdh11,,1.0,
POD,PEC,Angptl4,Sdc1,,0.9494456232685502,
POD,PEC,Angptl4,Sdc2,,0.8623768787416346,
POD,PEC,Angptl4,Sdc4,,0.3063048774690337,
POD,PEC,Apoe,Lrp2,,0.891411674072287,
POD,PEC,Bst1,Cav1,,1.0,
POD,PEC,C1qb,Lrp1,,0.5606418811285246,
POD,PEC,Cntf,Crlf1,,0.3042812885986956,
POD,PEC,Col1a2,Cd44,,0.37680547709565926,
POD,PEC,Col1a2,Cd93,,0.5176189253847425,
POD,PEC,Col1a2,Sdc1,,0.5894281472048785,
POD,PEC,Col4a3,Cd44,,0.08935895642021732,
POD,PEC,Col4a3,Cd93,,0.6177077617337294,
POD,PEC,Col4a3,Sdc1,,0.2505114764873081,
POD,PEC,Col4a4,Cd44,,0.1126509855716201,
POD,PEC,Col4a4,Cd93,,0.5686423399869112,
POD,PEC,Col4a4,Sdc1,,0.2758842374185583,
POD,PEC,Col4a5,Cd44,,0.1551138908514453,
POD,PEC,Col4a5,Cd93,,0.49873908295710045,
POD,PEC,Col4a5,Sdc1,,0.328227363783737,
POD,PEC,Csf1,Csf2ra,,1.0,
POD,PEC,Csf1,Sirpa,,1.0,
POD,PEC,Cxcl1,Dpp4,,1.0,
POD,PEC,Cxcl10,Dpp4,,0.4948911704160951,
POD,PEC,Cxcl10,Sdc4,,0.12292243881183636,
POD,PEC,Dlk1,Notch2,,1.0,
POD,PEC,Dlk1,Notch3,,0.07172688173468121,
POD,PEC,Efna1,Epha4,,0.3354301376158859,
POD,PEC,Egf,Lrp2,,0.47996392535606613,
POD,PEC,Gpc3,Lrp2,,0.7730246880350344,
POD,PEC,Hbegf,Cd44,,1.0,
POD,PEC,Hspg2,Lrp1,,0.3038659592955887,
POD,PEC,Hspg2,Lrp2,,1.0,
POD,PEC,Hspg2,Sdc1,,0.9026977277708044,
POD,PEC,Kitl,Epor,,0.2800299454933822,
POD,PEC,Lamc2,Cd44,,0.9504335074973949,
POD,PEC,Ptn,Sdc1,,1.0,
POD,PEC,Serpine1,Itgb5,,0.8660872384413437,
POD,PEC,Serpine1,Lrp1,,1.0,
POD,PEC,Serpine1,Lrp2,,0.8549877480329818,
POD,PEC,Serpine1,Plaur,,0.4611464245081459,
POD,PEC,Serping1,Lrp1,,0.7394983057540766,
POD,PEC,Spp1,Cd44,,0.8938020181466919,
POD,PEC,Spp1,Ptger4,,0.9009149884552581,
POD,PEC,Spp1,S1pr1,,0.6281476383634631,
POD,PEC,Tgfb3,Itgb5,,0.5870832652849679,
POD,PEC,Tgfb3,Itgb6,,0.27977767719593183,
POD,PEC,Tgm2,Sdc4,,0.7886290584325982,
POD,PEC,Thbs1,Itga6,,1.0,
POD,PEC,Thbs1,Sdc1,,1.0,
POD,PEC,Vegfa,Cd44,,0.2896096281216486,
POD,PEC,Vegfa,Sirpa,,0.8070981177235337,
SMC,PEC,Ada,Dpp4,,1.0,
SMC,PEC,Angptl4,Cdh11,,0.5971763172547374,
SMC,PEC,Angptl4,Sdc1,,0.45386217393978473,
SMC,PEC,Angptl4,Sdc2,,0.7008323414533864,
SMC,PEC,Angptl4,Sdc4,,0.19838301915314566,
SMC,PEC,Apoe,Lrp2,,0.607384205247909,
SMC,PEC,Bst1,Cav1,,1.0,
SMC,PEC,C1qb,Lrp1,,0.6176253155702864,
SMC,PEC,C1qtnf5,Mfrp,,0.4237591678505635,
SMC,PEC,Ccl5,Ccrl2,,0.4420517251493914,
SMC,PEC,Ccl5,Dpp4,,1.0,
SMC,PEC,Ccl5,Sdc1,,1.0,
SMC,PEC,Ccl5,Sdc4,,0.7644450730688865,
SMC,PEC,Cntf,Crlf1,,0.45211414356481,
SMC,PEC,Col1a1,Cd44,,0.7961133284819217,
SMC,PEC,Col1a1,Cd93,,0.8971057434350485,
SMC,PEC,Col1a1,Sdc1,,0.6916658031031478,
SMC,PEC,Col1a2,Cd44,,0.8161672949840403,
SMC,PEC,Col1a2,Cd93,,0.9047352425680912,
SMC,PEC,Col1a2,Sdc1,,0.6789508898714935,
SMC,PEC,Col4a3,Cd44,,0.9372745348037879,
SMC,PEC,Col4a3,Cd93,,1.0,
SMC,PEC,Col4a3,Sdc1,,0.5714538306247335,
SMC,PEC,Col4a4,Cd44,,1.0,
SMC,PEC,Col4a4,Cd93,,1.0,
SMC,PEC,Col4a4,Sdc1,,0.5090976924892726,
SMC,PEC,Col4a5,Cd44,,0.5408213632801521,
SMC,PEC,Col4a5,Cd93,,0.6617232756846996,
SMC,PEC,Col4a5,Sdc1,,0.85183685786335,
SMC,PEC,Col6a1,Cd44,,0.9966249074444224,
SMC,PEC,Col6a1,Itga6,,0.6229130252514046,
SMC,PEC,Col6a1,Sdc1,,0.4642044375220971,
SMC,PEC,Col6a2,Cd44,,0.9534015210434994,
SMC,PEC,Col6a2,Sdc1,,0.485989732836367,
SMC,PEC,Col6a3,Cd44,,0.5097497634147793,
SMC,PEC,Col6a3,Sdc1,,1.0,
SMC,PEC,Cp,Slc40a1,,1.0,
SMC,PEC,Csf1,Csf2ra,,0.6980824608380541,
SMC,PEC,Csf1,Sirpa,,0.8366997317262223,
SMC,PEC,Cxcl10,Dpp4,,0.6387044867883735,
SMC,PEC,Cxcl10,Sdc4,,0.08164212607865023,
SMC,PEC,Dcn,Met,,0.024324588243268722,
SMC,PEC,Dcn,Tlr2,,0.8106485138320553,
SMC,PEC,Dlk1,Notch2,,1.0,
SMC,PEC,Dlk1,Notch3,,0.036008085036392606,
SMC,PEC,Edn1,Ednrb,,0.370644267642711,
SMC,PEC,Efna1,Epha4,,0.71298072335285,
SMC,PEC,Egf,Axl,,0.6750095922661645,
SMC,PEC,Egf,Cav1,,0.6303999373055007,
SMC,PEC,Egf,Lrp2,,0.5485336712326544,
SMC,PEC,Fgfr3,Epha4,,1.0,
SMC,PEC,Fn1,Cd44,,0.8810355759031574,
SMC,PEC,Fn1,Dpp4,,0.6679536693605503,
SMC,PEC,Fn1,Itga6,,0.7516952610056575,
SMC,PEC,Fn1,Nt5e,,0.7349168520370565,
SMC,PEC,Fn1,Plaur,,0.9412518690565159,
SMC,PEC,Fn1,Robo4,,1.0,
SMC,PEC,Fn1,Sdc1,,0.5329267774773615,
SMC,PEC,Fn1,Sdc2,,0.7648917874561103,
SMC,PEC,Gpc3,Lrp2,,0.7340846344486789,
SMC,PEC,Hbegf,Cd44,,0.5693443018283246,
SMC,PEC,Hspg2,Lrp2,,0.5728631333765091,
SMC,PEC,Hspg2,Sdc1,,0.9743510607785044,
SMC,PEC,Inhba,Bambi,0.41409258704583574,,
SMC,PEC,Jag1,Notch3,,0.9542003188880308,
SMC,PEC,Kitl,Epor,,1.0,
SMC,PEC,Lamc2,Cd44,,0.7357496983672164,
SMC,PEC,Mdk,Lrp2,,0.6703000867337053,
SMC,PEC,Mdk,Sdc1,,0.6470816509837158,
SMC,PEC,Mdk,Tspan1,,0.5806554635467396,
SMC,PEC,Plau,Itgb5,,1.0,
SMC,PEC,Plau,Lrp1,,0.6593249733686075,
SMC,PEC,Plau,Lrp2,,1.0,
SMC,PEC,Plau,Plaur,,0.696474744086052,
SMC,PEC,Plau,St14,,0.6555169688945157,
SMC,PEC,Ptn,Sdc1,,0.7533868393383581,
SMC,PEC,Serpine1,Lrp2,,0.8726062432900611,
SMC,PEC,Slit3,Robo4,,1.0,
SMC,PEC,Spp1,Cd44,,0.8996992703325926,
SMC,PEC,Tgfb3,Itgb6,,0.046803706087573255,
SMC,PEC,Thbs1,Itga6,,0.9966249074444224,
SMC,PEC,Thbs1,Sdc1,,0.7045386817022531,
SMC,PEC,Thbs2,Itga6,,1.0,
SMC,PEC,Thbs2,Notch3,,0.623092268168951,
SMC,PEC,Thbs2,Sdc1,,1.0,
SMC,PEC,Tnc,Sdc1,,0.8980569860215989,
SMC,PEC,Tnc,Sdc4,,0.2995808278960985,
SMC,PEC,Trf,Lrp2,,0.7390877974881273,
SMC,PEC,Trf,Tfrc,,1.0,
SMC,PEC,Vegfa,Cd44,,0.8088720171269403,
SMC,PEC,Vegfa,Sirpa,,1.0,
TEC,PEC,Ada,Dpp4,,1.0,
TEC,PEC,Agt,Agtr1a,,0.5574882424942404,
TEC,PEC,Agt,Enpep,,0.8967494003184959,
TEC,PEC,Agt,Lrp2,,0.7470834032694053,
TEC,PEC,Angptl4,Cdh11,,1.0,
TEC,PEC,Angptl4,Sdc1,,1.0,
TEC,PEC,Angptl4,Sdc2,,0.7004990788140195,
TEC,PEC,Angptl4,Sdc4,,0.39906834813570446,
TEC,PEC,Apoe,Lrp2,,0.6516818911197467,
TEC,PEC,Bst1,Cav1,,0.693517451615681,
TEC,PEC,C1qb,Lrp1,,0.6539136990823591,
TEC,PEC,Calca,Calcrl,,0.8212580353522045,
TEC,PEC,Calca,Pth1r,,0.8825314742901238,
TEC,PEC,Calca,Ramp3,,1.0,
TEC,PEC,Cntf,Crlf1,,0.560958102186568,
TEC,PEC,Col1a2,Cd44,,1.0,
TEC,PEC,Col1a2,Cd93,,0.14641702586893496,
TEC,PEC,Col1a2,Itga2b,,0.8285560679778259,
TEC,PEC,Col1a2,Sdc1,,0.9093912481803035,
TEC,PEC,Col4a3,Cd44,,0.6037252470594892,
TEC,PEC,Col4a3,Cd93,,1.0,
TEC,PEC,Col4a3,Sdc1,,0.824054653200849,
TEC,PEC,Col4a4,Cd44,,0.7724271373698621,
TEC,PEC,Col4a4,Cd93,,0.8763458653816429,
TEC,PEC,Col4a4,Sdc1,,0.7126648301122369,
TEC,PEC,Col4a5,Cd44,,0.6066511233556242,
TEC,PEC,Col4a5,Cd93,,1.0,
TEC,PEC,Col4a5,Sdc1,,0.8222588433422658,
TEC,PEC,Cp,Slc40a1,,1.0,
TEC,PEC,Csf1,Csf2ra,,1.0,
TEC,PEC,Csf1,Sirpa,,0.8875851020261556,
TEC,PEC,Cxcl1,Dpp4,,1.0,
TEC,PEC,Cxcl10,Dpp4,,1.0,
TEC,PEC,Cxcl10,Sdc4,,0.3422376750921573,
TEC,PEC,Cxcl12,Ackr3,,1.0,
TEC,PEC,Cxcl12,Dpp4,,1.0,
TEC,PEC,Cxcl12,Sdc4,,0.4615929691210463,
TEC,PEC,Dlk1,Notch2,,1.0,
TEC,PEC,Dlk1,Notch3,,0.0654445350597305,
TEC,PEC,Dll1,Notch2,,0.9884864569206846,
TEC,PEC,Dll1,Notch3,,0.21578131544596335,
TEC,PEC,Edn1,Ednrb,,0.7953824793050237,
TEC,PEC,Edn3,Ednrb,,1.0,
TEC,PEC,Efna1,Epha4,,1.0,
TEC,PEC,Efna5,Epha4,,0.660947284973028,
TEC,PEC,Egf,Lrp2,,0.17006943129565014,
TEC,PEC,Fgfr3,Epha4,,1.0,
TEC,PEC,Gpc3,Lrp2,,1.0,
TEC,PEC,Hbegf,Cd44,,0.8385167280870893,
TEC,PEC,Hspg2,Lrp2,,0.5906747377945336,
TEC,PEC,Hspg2,Sdc1,,1.0,
TEC,PEC,Jag1,Notch3,,1.0,
TEC,PEC,Jag2,Notch2,,0.9085660391641697,
TEC,PEC,Jag2,Notch3,,0.2680594364567026,
TEC,PEC,Kitl,Epor,,1.0,
TEC,PEC,Kng1,Plaur,0.23986015327920737,,
TEC,PEC,Kng1,Sdc2,0.3553708169167512,,
TEC,PEC,Kng2,Cd93,,0.7901829059346986,
TEC,PEC,Lamc2,Cd44,,0.7885112451494507,
TEC,PEC,Lcn2,Lrp2,,0.49371145776171044,
TEC,PEC,Ltbp1,Itgb5,,1.0,
TEC,PEC,Plau,Lrp2,,0.5885181383235851,
TEC,PEC,Ptn,Sdc1,,1.0,
TEC,PEC,Rarres2,Ccrl2,,0.3978175115590056,
TEC,PEC,Sema4d,Met,,0.045071276918995595,
TEC,PEC,Serpine1,Itgb5,,1.0,
TEC,PEC,Serpine1,Lrp1,,0.6466857022264327,
TEC,PEC,Serpine1,Lrp2,,1.0,
TEC,PEC,Serpine1,Plaur,,0.7110345872882946,
TEC,PEC,Serping1,Lrp1,,0.6267322528791224,
TEC,PEC,Slit2,Robo4,,0.40500808298177304,
TEC,PEC,Slit2,Sdc1,,0.41418363876078046,
TEC,PEC,Spp1,Cd44,,0.02923187499815246,
TEC,PEC,Thbs1,Itga6,,0.7886290584325982,
TEC,PEC,Thbs1,Sdc1,,0.5665397402418211,
TEC,PEC,Thbs2,Itga6,,1.0,
TEC,PEC,Thbs2,Notch3,,0.912732661168768,
TEC,PEC,Thbs2,Sdc1,,0.9259390840413781,
TEC,PEC,Vegfa,Cd44,,0.5289047430591062,
TEC,PEC,Vegfa,Sirpa,,1.0,
